filename,class,days_to_harvest
IMG20250402162204_cluster_0_cherry_0.png,rojo,1
IMG20250402162204_cluster_0_cherry_1.png,rojo,2
IMG20250402162204_cluster_0_cherry_18.png,rojo,3
IMG20250402162204_cluster_0_cherry_2.png,rojo,2
IMG20250402162204_cluster_0_cherry_20.png,rojo,1
IMG20250402162204_cluster_0_cherry_3.png,rojo,1
IMG20250402162204_cluster_0_cherry_8.png,rojo,4
IMG20250402162204_cluster_10_cherry_2.png,rojo,1
IMG20250402162204_cluster_11_cherry_0.png,rojo,3
IMG20250402162204_cluster_11_cherry_1.png,rojo,1
IMG20250402162204_cluster_14_cherry_0.png,rojo,1
IMG20250402162204_cluster_14_cherry_1.png,rojo,1
IMG20250402162204_cluster_16_cherry_1.png,rojo,5
IMG20250402162204_cluster_16_cherry_2.png,rojo,5
IMG20250402162204_cluster_18_cherry_0.png,rojo,5
IMG20250402162204_cluster_18_cherry_1.png,rojo,2
IMG20250402162204_cluster_1_cherry_1.png,rojo,1
IMG20250402162204_cluster_20_cherry_3.png,rojo,2
IMG20250402162204_cluster_20_cherry_5.png,rojo,2
IMG20250402162204_cluster_22_cherry_0.png,rojo,1
IMG20250402162204_cluster_22_cherry_1.png,rojo,1
IMG20250402162204_cluster_23_cherry_5.png,rojo,2
IMG20250402162204_cluster_23_cherry_6.png,rojo,5
IMG20250402162204_cluster_25_cherry_0.png,rojo,1
IMG20250402162204_cluster_25_cherry_1.png,rojo,1
IMG20250402162204_cluster_27_cherry_0.png,rojo,2
IMG20250402162204_cluster_27_cherry_1.png,rojo,1
IMG20250402162204_cluster_27_cherry_4.png,rojo,1
IMG20250402162204_cluster_28_cherry_0.png,rojo,1
IMG20250402162204_cluster_28_cherry_1.png,rojo,5
IMG20250402162204_cluster_28_cherry_2.png,rojo,1
IMG20250402162204_cluster_36_cherry_0.png,rojo,2
IMG20250402162204_cluster_3_cherry_2.png,rojo,1
IMG20250402162204_cluster_4_cherry_0.png,rojo,1
IMG20250402162204_cluster_4_cherry_10.png,rojo,2
IMG20250402162204_cluster_4_cherry_11.png,rojo,1
IMG20250402162204_cluster_5_cherry_0.png,rojo,1
IMG20250402162204_cluster_7_cherry_0.png,rojo,4
IMG20250402162204_cluster_9_cherry_1.png,rojo,1
IMG20250402162204_cluster_9_cherry_13.png,rojo,5
IMG20250402162204_cluster_9_cherry_14.png,rojo,2
IMG20250402162204_cluster_9_cherry_16.png,rojo,5
IMG20250402162204_cluster_9_cherry_2.png,rojo,1
IMG20250402162204_cluster_9_cherry_4.png,rojo,1
IMG20250402162204_cluster_9_cherry_8.png,rojo,1
IMG20250402162206_cluster_0_cherry_0.png,rojo,1
IMG20250402162206_cluster_0_cherry_20.png,rojo,4
IMG20250402162206_cluster_0_cherry_7.png,rojo,2
IMG20250402162206_cluster_0_cherry_9.png,rojo,1
IMG20250402162206_cluster_11_cherry_8.png,rojo,4
IMG20250402162206_cluster_12_cherry_10.png,rojo,1
IMG20250402162206_cluster_12_cherry_11.png,rojo,5
IMG20250402162206_cluster_12_cherry_12.png,rojo,2
IMG20250402162206_cluster_12_cherry_7.png,rojo,2
IMG20250402162206_cluster_14_cherry_0.png,rojo,1
IMG20250402162206_cluster_14_cherry_2.png,rojo,1
IMG20250402162206_cluster_15_cherry_10.png,rojo,2
IMG20250402162206_cluster_15_cherry_12.png,rojo,4
IMG20250402162206_cluster_15_cherry_3.png,rojo,1
IMG20250402162206_cluster_15_cherry_9.png,rojo,1
IMG20250402162206_cluster_16_cherry_0.png,rojo,1
IMG20250402162206_cluster_16_cherry_1.png,rojo,2
IMG20250402162206_cluster_17_cherry_0.png,rojo,1
IMG20250402162206_cluster_17_cherry_1.png,rojo,1
IMG20250402162206_cluster_17_cherry_2.png,rojo,4
IMG20250402162206_cluster_18_cherry_0.png,rojo,1
IMG20250402162206_cluster_18_cherry_1.png,rojo,2
IMG20250402162206_cluster_18_cherry_3.png,rojo,1
IMG20250402162206_cluster_1_cherry_0.png,rojo,1
IMG20250402162206_cluster_20_cherry_0.png,rojo,1
IMG20250402162206_cluster_21_cherry_0.png,rojo,1
IMG20250402162206_cluster_21_cherry_1.png,rojo,1
IMG20250402162206_cluster_22_cherry_0.png,rojo,2
IMG20250402162206_cluster_22_cherry_1.png,rojo,1
IMG20250402162206_cluster_22_cherry_10.png,rojo,3
IMG20250402162206_cluster_22_cherry_7.png,rojo,1
IMG20250402162206_cluster_22_cherry_8.png,rojo,1
IMG20250402162206_cluster_28_cherry_0.png,rojo,1
IMG20250402162206_cluster_28_cherry_2.png,rojo,2
IMG20250402162206_cluster_28_cherry_3.png,rojo,3
IMG20250402162206_cluster_2_cherry_0.png,rojo,1
IMG20250402162206_cluster_3_cherry_4.png,rojo,2
IMG20250402162206_cluster_4_cherry_0.png,rojo,1
IMG20250402162206_cluster_8_cherry_0.png,rojo,1
IMG20250402162206_cluster_8_cherry_1.png,rojo,1
IMG20250402162223_cluster_0_cherry_10.png,rojo,1
IMG20250402162223_cluster_0_cherry_12.png,rojo,1
IMG20250402162223_cluster_0_cherry_15.png,rojo,1
IMG20250402162223_cluster_0_cherry_5.png,rojo,3
IMG20250402162223_cluster_1_cherry_0.png,rojo,1
IMG20250402162223_cluster_1_cherry_16.png,rojo,2
IMG20250402162223_cluster_1_cherry_2.png,rojo,1
IMG20250402162223_cluster_1_cherry_3.png,rojo,1
IMG20250402162223_cluster_1_cherry_4.png,rojo,1
IMG20250402162223_cluster_3_cherry_2.png,rojo,1
IMG20250402162223_cluster_4_cherry_0.png,rojo,2
IMG20250402162223_cluster_5_cherry_0.png,rojo,1
IMG20250402162223_cluster_5_cherry_3.png,rojo,1
IMG20250402162223_cluster_5_cherry_4.png,rojo,1
IMG20250402162223_cluster_5_cherry_5.png,rojo,2
IMG20250402162223_cluster_5_cherry_6.png,rojo,2
IMG20250402162233_cluster_12_cherry_3.png,rojo,1
IMG20250402162233_cluster_12_cherry_4.png,rojo,2
IMG20250402162233_cluster_12_cherry_5.png,rojo,1
IMG20250402162233_cluster_13_cherry_0.png,rojo,1
IMG20250402162233_cluster_13_cherry_8.png,rojo,1
IMG20250402162233_cluster_19_cherry_11.png,rojo,4
IMG20250402162233_cluster_1_cherry_0.png,rojo,1
IMG20250402162233_cluster_1_cherry_2.png,rojo,1
IMG20250402162233_cluster_20_cherry_1.png,rojo,2
IMG20250402162233_cluster_20_cherry_3.png,rojo,1
IMG20250402162233_cluster_21_cherry_0.png,rojo,1
IMG20250402162233_cluster_23_cherry_0.png,rojo,2
IMG20250402162233_cluster_24_cherry_1.png,rojo,1
IMG20250402162233_cluster_26_cherry_0.png,rojo,1
IMG20250402162233_cluster_26_cherry_1.png,rojo,1
IMG20250402162233_cluster_26_cherry_3.png,rojo,1
IMG20250402162233_cluster_26_cherry_4.png,rojo,1
IMG20250402162233_cluster_27_cherry_0.png,rojo,3
IMG20250402162233_cluster_28_cherry_2.png,rojo,2
IMG20250402162233_cluster_28_cherry_4.png,rojo,1
IMG20250402162233_cluster_28_cherry_5.png,rojo,1
IMG20250402162233_cluster_29_cherry_0.png,rojo,1
IMG20250402162233_cluster_31_cherry_0.png,rojo,2
IMG20250402162233_cluster_32_cherry_0.png,rojo,1
IMG20250402162233_cluster_32_cherry_1.png,rojo,1
IMG20250402162233_cluster_34_cherry_0.png,rojo,3
IMG20250402162233_cluster_34_cherry_7.png,rojo,2
IMG20250402162233_cluster_35_cherry_1.png,rojo,1
IMG20250402162233_cluster_36_cherry_0.png,rojo,2
IMG20250402162233_cluster_38_cherry_0.png,rojo,2
IMG20250402162233_cluster_39_cherry_0.png,rojo,1
IMG20250402162233_cluster_44_cherry_0.png,rojo,1
IMG20250402162233_cluster_44_cherry_1.png,rojo,2
IMG20250402162233_cluster_4_cherry_0.png,rojo,1
IMG20250402162233_cluster_5_cherry_0.png,rojo,1
IMG20250402162233_cluster_5_cherry_1.png,rojo,1
IMG20250402162233_cluster_5_cherry_10.png,rojo,1
IMG20250402162233_cluster_5_cherry_14.png,rojo,3
IMG20250402162233_cluster_5_cherry_19.png,rojo,1
IMG20250402162233_cluster_5_cherry_22.png,rojo,1
IMG20250402162233_cluster_5_cherry_4.png,rojo,5
IMG20250402162233_cluster_6_cherry_15.png,rojo,2
IMG20250402162233_cluster_6_cherry_8.png,rojo,1
IMG20250402162233_cluster_7_cherry_0.png,rojo,1
IMG20250402162233_cluster_7_cherry_9.png,rojo,1
IMG20250402162233_cluster_8_cherry_13.png,rojo,2
IMG20250402162233_cluster_8_cherry_19.png,rojo,1
IMG20250402162347_cluster_0_cherry_1.png,rojo,3
IMG20250402162347_cluster_0_cherry_2.png,rojo,2
IMG20250402162347_cluster_11_cherry_0.png,rojo,
IMG20250402162347_cluster_11_cherry_1.png,rojo,
IMG20250402162347_cluster_12_cherry_0.png,rojo,
IMG20250402162347_cluster_15_cherry_3.png,rojo,
IMG20250402162347_cluster_17_cherry_2.png,rojo,
IMG20250402162347_cluster_19_cherry_3.png,rojo,
IMG20250402162347_cluster_1_cherry_0.png,rojo,
IMG20250402162347_cluster_1_cherry_2.png,rojo,
IMG20250402162347_cluster_1_cherry_4.png,rojo,
IMG20250402162347_cluster_1_cherry_6.png,rojo,
IMG20250402162347_cluster_1_cherry_7.png,rojo,
IMG20250402162347_cluster_21_cherry_1.png,rojo,
IMG20250402162347_cluster_23_cherry_4.png,rojo,
IMG20250402162347_cluster_24_cherry_1.png,rojo,
IMG20250402162347_cluster_25_cherry_0.png,rojo,
IMG20250402162347_cluster_25_cherry_1.png,rojo,
IMG20250402162347_cluster_25_cherry_11.png,rojo,
IMG20250402162347_cluster_25_cherry_7.png,rojo,
IMG20250402162347_cluster_28_cherry_1.png,rojo,
IMG20250402162347_cluster_29_cherry_0.png,rojo,
IMG20250402162347_cluster_29_cherry_2.png,rojo,
IMG20250402162347_cluster_2_cherry_0.png,rojo,
IMG20250402162347_cluster_2_cherry_16.png,rojo,
IMG20250402162347_cluster_2_cherry_18.png,rojo,
IMG20250402162347_cluster_2_cherry_20.png,rojo,
IMG20250402162347_cluster_2_cherry_4.png,rojo,
IMG20250402162347_cluster_2_cherry_6.png,rojo,
IMG20250402162347_cluster_2_cherry_7.png,rojo,
IMG20250402162347_cluster_30_cherry_0.png,rojo,
IMG20250402162347_cluster_30_cherry_2.png,rojo,
IMG20250402162347_cluster_31_cherry_0.png,rojo,
IMG20250402162347_cluster_32_cherry_0.png,rojo,
IMG20250402162347_cluster_33_cherry_0.png,rojo,
IMG20250402162347_cluster_33_cherry_2.png,rojo,
IMG20250402162347_cluster_35_cherry_1.png,rojo,
IMG20250402162347_cluster_35_cherry_3.png,rojo,
IMG20250402162347_cluster_38_cherry_3.png,rojo,
IMG20250402162347_cluster_39_cherry_0.png,rojo,
IMG20250402162347_cluster_3_cherry_1.png,rojo,
IMG20250402162347_cluster_40_cherry_0.png,rojo,
IMG20250402162347_cluster_40_cherry_1.png,rojo,
IMG20250402162347_cluster_40_cherry_2.png,rojo,
IMG20250402162347_cluster_4_cherry_0.png,rojo,
IMG20250402162347_cluster_4_cherry_1.png,rojo,
IMG20250402162347_cluster_4_cherry_2.png,rojo,
IMG20250402162347_cluster_4_cherry_3.png,rojo,
IMG20250402162347_cluster_4_cherry_4.png,rojo,
IMG20250402162347_cluster_6_cherry_2.png,rojo,
IMG20250402162347_cluster_7_cherry_0.png,rojo,
IMG20250402162347_cluster_7_cherry_1.png,rojo,
IMG20250402162347_cluster_7_cherry_2.png,rojo,
IMG20250402162347_cluster_7_cherry_4.png,rojo,
IMG20250402162347_cluster_7_cherry_5.png,rojo,
IMG20250402162347_cluster_7_cherry_6.png,rojo,
IMG20250402162347_cluster_7_cherry_7.png,rojo,
IMG20250402162347_cluster_7_cherry_8.png,rojo,
IMG20250402162347_cluster_8_cherry_6.png,rojo,
IMG20250402162347_cluster_8_cherry_7.png,rojo,
IMG20250402162347_cluster_9_cherry_1.png,rojo,
IMG20250402162347_cluster_9_cherry_14.png,rojo,
IMG20250402162347_cluster_9_cherry_2.png,rojo,
IMG20250402162347_cluster_9_cherry_20.png,rojo,
IMG20250402162347_cluster_9_cherry_21.png,rojo,
IMG20250402162347_cluster_9_cherry_7.png,rojo,
IMG20250402162347_cluster_9_cherry_9.png,rojo,
IMG20250402162506_cluster_0_cherry_0.png,rojo,
IMG20250402162506_cluster_0_cherry_1.png,rojo,
IMG20250402162506_cluster_0_cherry_10.png,rojo,
IMG20250402162506_cluster_0_cherry_2.png,rojo,
IMG20250402162506_cluster_0_cherry_7.png,rojo,
IMG20250402162506_cluster_0_cherry_9.png,rojo,
IMG20250402162506_cluster_11_cherry_1.png,rojo,
IMG20250402162506_cluster_15_cherry_0.png,rojo,
IMG20250402162506_cluster_15_cherry_1.png,rojo,
IMG20250402162506_cluster_17_cherry_0.png,rojo,
IMG20250402162506_cluster_17_cherry_2.png,rojo,
IMG20250402162506_cluster_19_cherry_0.png,rojo,
IMG20250402162506_cluster_1_cherry_0.png,rojo,
IMG20250402162506_cluster_1_cherry_12.png,rojo,
IMG20250402162506_cluster_1_cherry_16.png,rojo,
IMG20250402162506_cluster_1_cherry_17.png,rojo,
IMG20250402162506_cluster_1_cherry_4.png,rojo,
IMG20250402162506_cluster_20_cherry_1.png,rojo,
IMG20250402162506_cluster_22_cherry_0.png,rojo,
IMG20250402162506_cluster_22_cherry_1.png,rojo,
IMG20250402162506_cluster_22_cherry_9.png,rojo,
IMG20250402162506_cluster_23_cherry_8.png,rojo,
IMG20250402162506_cluster_27_cherry_0.png,rojo,
IMG20250402162506_cluster_27_cherry_1.png,rojo,
IMG20250402162506_cluster_27_cherry_7.png,rojo,
IMG20250402162506_cluster_27_cherry_8.png,rojo,
IMG20250402162506_cluster_27_cherry_9.png,rojo,
IMG20250402162506_cluster_28_cherry_0.png,rojo,
IMG20250402162506_cluster_29_cherry_0.png,rojo,
IMG20250402162506_cluster_29_cherry_1.png,rojo,
IMG20250402162506_cluster_32_cherry_0.png,rojo,
IMG20250402162506_cluster_34_cherry_0.png,rojo,
IMG20250402162506_cluster_37_cherry_1.png,rojo,
IMG20250402162506_cluster_39_cherry_1.png,rojo,
IMG20250402162506_cluster_39_cherry_3.png,rojo,
IMG20250402162506_cluster_39_cherry_4.png,rojo,
IMG20250402162506_cluster_3_cherry_0.png,rojo,
IMG20250402162506_cluster_3_cherry_1.png,rojo,
IMG20250402162506_cluster_40_cherry_1.png,rojo,
IMG20250402162506_cluster_47_cherry_1.png,rojo,
IMG20250402162506_cluster_52_cherry_0.png,rojo,
IMG20250402162506_cluster_6_cherry_1.png,rojo,
IMG20250402162506_cluster_6_cherry_2.png,rojo,
IMG20250402162506_cluster_8_cherry_6.png,rojo,
IMG20250402162506_cluster_9_cherry_0.png,rojo,
IMG20250402162550_cluster_0_cherry_0.png,rojo,
IMG20250402162550_cluster_0_cherry_2.png,rojo,
IMG20250402162550_cluster_11_cherry_0.png,rojo,
IMG20250402162550_cluster_13_cherry_0.png,rojo,
IMG20250402162550_cluster_13_cherry_1.png,rojo,
IMG20250402162550_cluster_13_cherry_5.png,rojo,
IMG20250402162550_cluster_16_cherry_1.png,rojo,
IMG20250402162550_cluster_1_cherry_13.png,rojo,
IMG20250402162550_cluster_4_cherry_0.png,rojo,
IMG20250402162550_cluster_4_cherry_1.png,rojo,
IMG20250402162550_cluster_4_cherry_2.png,rojo,
IMG20250402162550_cluster_7_cherry_0.png,rojo,
IMG20250402162550_cluster_8_cherry_0.png,rojo,
IMG20250402162550_cluster_8_cherry_1.png,rojo,
IMG20250402162550_cluster_8_cherry_2.png,rojo,
IMG20250402162615_cluster_0_cherry_10.png,rojo,
IMG20250402162615_cluster_0_cherry_15.png,rojo,
IMG20250402162615_cluster_0_cherry_16.png,rojo,
IMG20250402162615_cluster_0_cherry_6.png,rojo,
IMG20250402162615_cluster_0_cherry_8.png,rojo,
IMG20250402162615_cluster_10_cherry_0.png,rojo,
IMG20250402162615_cluster_10_cherry_1.png,rojo,
IMG20250402162615_cluster_10_cherry_3.png,rojo,
IMG20250402162615_cluster_10_cherry_4.png,rojo,
IMG20250402162615_cluster_10_cherry_5.png,rojo,
IMG20250402162615_cluster_11_cherry_1.png,rojo,
IMG20250402162615_cluster_11_cherry_2.png,rojo,
IMG20250402162615_cluster_12_cherry_1.png,rojo,
IMG20250402162615_cluster_12_cherry_2.png,rojo,
IMG20250402162615_cluster_13_cherry_0.png,rojo,
IMG20250402162615_cluster_13_cherry_1.png,rojo,
IMG20250402162615_cluster_18_cherry_0.png,rojo,
IMG20250402162615_cluster_19_cherry_0.png,rojo,
IMG20250402162615_cluster_1_cherry_1.png,rojo,
IMG20250402162615_cluster_1_cherry_9.png,rojo,
IMG20250402162615_cluster_23_cherry_0.png,rojo,
IMG20250402162615_cluster_23_cherry_1.png,rojo,
IMG20250402162615_cluster_26_cherry_0.png,rojo,
IMG20250402162615_cluster_26_cherry_1.png,rojo,
IMG20250402162615_cluster_28_cherry_0.png,rojo,
IMG20250402162615_cluster_28_cherry_1.png,rojo,
IMG20250402162615_cluster_2_cherry_0.png,rojo,
IMG20250402162615_cluster_2_cherry_11.png,rojo,
IMG20250402162615_cluster_2_cherry_12.png,rojo,
IMG20250402162615_cluster_2_cherry_17.png,rojo,
IMG20250402162615_cluster_2_cherry_2.png,rojo,
IMG20250402162615_cluster_2_cherry_3.png,rojo,
IMG20250402162615_cluster_2_cherry_4.png,rojo,
IMG20250402162615_cluster_2_cherry_5.png,rojo,
IMG20250402162615_cluster_2_cherry_7.png,rojo,
IMG20250402162615_cluster_32_cherry_0.png,rojo,
IMG20250402162615_cluster_32_cherry_1.png,rojo,
IMG20250402162615_cluster_32_cherry_2.png,rojo,
IMG20250402162615_cluster_35_cherry_1.png,rojo,
IMG20250402162615_cluster_38_cherry_0.png,rojo,
IMG20250402162615_cluster_3_cherry_0.png,rojo,
IMG20250402162615_cluster_3_cherry_1.png,rojo,
IMG20250402162615_cluster_3_cherry_17.png,rojo,
IMG20250402162615_cluster_3_cherry_20.png,rojo,
IMG20250402162615_cluster_3_cherry_7.png,rojo,
IMG20250402162615_cluster_5_cherry_0.png,rojo,
IMG20250402162615_cluster_5_cherry_1.png,rojo,
IMG20250402162615_cluster_5_cherry_13.png,rojo,
IMG20250402162615_cluster_5_cherry_2.png,rojo,
IMG20250402162615_cluster_6_cherry_10.png,rojo,
IMG20250402162615_cluster_6_cherry_16.png,rojo,
IMG20250402162615_cluster_6_cherry_2.png,rojo,
IMG20250402162615_cluster_6_cherry_20.png,rojo,
IMG20250402162615_cluster_9_cherry_0.png,rojo,
IMG20250402162615_cluster_9_cherry_1.png,rojo,
IMG20250402162615_cluster_9_cherry_3.png,rojo,
IMG20250402162809_cluster_11_cherry_2.png,rojo,
IMG20250402162809_cluster_11_cherry_3.png,rojo,
IMG20250402162809_cluster_11_cherry_4.png,rojo,
IMG20250402162809_cluster_12_cherry_0.png,rojo,
IMG20250402162809_cluster_12_cherry_4.png,rojo,
IMG20250402162809_cluster_14_cherry_0.png,rojo,
IMG20250402162809_cluster_14_cherry_1.png,rojo,
IMG20250402162809_cluster_14_cherry_6.png,rojo,
IMG20250402162809_cluster_18_cherry_0.png,rojo,
IMG20250402162809_cluster_18_cherry_1.png,rojo,
IMG20250402162809_cluster_18_cherry_24.png,rojo,
IMG20250402162809_cluster_18_cherry_3.png,rojo,
IMG20250402162809_cluster_18_cherry_5.png,rojo,
IMG20250402162809_cluster_18_cherry_9.png,rojo,
IMG20250402162809_cluster_19_cherry_0.png,rojo,
IMG20250402162809_cluster_22_cherry_0.png,rojo,
IMG20250402162809_cluster_22_cherry_1.png,rojo,
IMG20250402162809_cluster_22_cherry_11.png,rojo,
IMG20250402162809_cluster_22_cherry_14.png,rojo,
IMG20250402162809_cluster_22_cherry_17.png,rojo,
IMG20250402162809_cluster_22_cherry_3.png,rojo,
IMG20250402162809_cluster_22_cherry_7.png,rojo,
IMG20250402162809_cluster_22_cherry_8.png,rojo,
IMG20250402162809_cluster_23_cherry_0.png,rojo,
IMG20250402162809_cluster_24_cherry_1.png,rojo,
IMG20250402162809_cluster_24_cherry_2.png,rojo,
IMG20250402162809_cluster_26_cherry_0.png,rojo,
IMG20250402162809_cluster_28_cherry_14.png,rojo,
IMG20250402162809_cluster_28_cherry_15.png,rojo,
IMG20250402162809_cluster_28_cherry_2.png,rojo,
IMG20250402162809_cluster_29_cherry_1.png,rojo,
IMG20250402162809_cluster_29_cherry_2.png,rojo,
IMG20250402162809_cluster_30_cherry_1.png,rojo,
IMG20250402162809_cluster_3_cherry_0.png,rojo,
IMG20250402162809_cluster_3_cherry_1.png,rojo,
IMG20250402162809_cluster_3_cherry_5.png,rojo,
IMG20250402162809_cluster_3_cherry_6.png,rojo,
IMG20250402162809_cluster_4_cherry_0.png,rojo,
IMG20250402162809_cluster_4_cherry_1.png,rojo,
IMG20250402162809_cluster_4_cherry_2.png,rojo,
IMG20250402162809_cluster_4_cherry_3.png,rojo,
IMG20250402162809_cluster_6_cherry_4.png,rojo,
IMG20250402162809_cluster_7_cherry_0.png,rojo,
IMG20250402162809_cluster_7_cherry_4.png,rojo,
IMG20250402162809_cluster_8_cherry_0.png,rojo,
IMG20250402162809_cluster_8_cherry_1.png,rojo,
IMG20250402162809_cluster_8_cherry_2.png,rojo,
IMG20250402162809_cluster_8_cherry_4.png,rojo,
IMG20250402162809_cluster_8_cherry_5.png,rojo,
IMG20250402162809_cluster_9_cherry_4.png,rojo,
IMG20250402162809_cluster_9_cherry_6.png,rojo,
IMG20250402162809_cluster_9_cherry_9.png,rojo,
IMG20250402163114_cluster_0_cherry_0.png,rojo,
IMG20250402163114_cluster_0_cherry_1.png,rojo,
IMG20250402163114_cluster_0_cherry_12.png,rojo,
IMG20250402163114_cluster_0_cherry_3.png,rojo,
IMG20250402163114_cluster_0_cherry_5.png,rojo,
IMG20250402163114_cluster_10_cherry_8.png,rojo,
IMG20250402163114_cluster_11_cherry_0.png,rojo,
IMG20250402163114_cluster_11_cherry_2.png,rojo,
IMG20250402163114_cluster_12_cherry_0.png,rojo,
IMG20250402163114_cluster_12_cherry_1.png,rojo,
IMG20250402163114_cluster_12_cherry_2.png,rojo,
IMG20250402163114_cluster_14_cherry_4.png,rojo,
IMG20250402163114_cluster_14_cherry_6.png,rojo,
IMG20250402163114_cluster_15_cherry_0.png,rojo,
IMG20250402163114_cluster_15_cherry_10.png,rojo,
IMG20250402163114_cluster_15_cherry_11.png,rojo,
IMG20250402163114_cluster_15_cherry_14.png,rojo,
IMG20250402163114_cluster_15_cherry_2.png,rojo,
IMG20250402163114_cluster_15_cherry_6.png,rojo,
IMG20250402163114_cluster_17_cherry_0.png,rojo,
IMG20250402163114_cluster_17_cherry_3.png,rojo,
IMG20250402163114_cluster_17_cherry_5.png,rojo,
IMG20250402163114_cluster_18_cherry_0.png,rojo,
IMG20250402163114_cluster_1_cherry_0.png,rojo,
IMG20250402163114_cluster_20_cherry_0.png,rojo,
IMG20250402163114_cluster_22_cherry_0.png,rojo,
IMG20250402163114_cluster_3_cherry_1.png,rojo,
IMG20250402163114_cluster_5_cherry_0.png,rojo,
IMG20250402163114_cluster_5_cherry_2.png,rojo,
IMG20250402163114_cluster_6_cherry_0.png,rojo,
IMG20250402163114_cluster_6_cherry_1.png,rojo,
IMG20250402163114_cluster_6_cherry_11.png,rojo,
IMG20250402163114_cluster_6_cherry_2.png,rojo,
IMG20250402163114_cluster_6_cherry_5.png,rojo,
IMG20250402163114_cluster_6_cherry_7.png,rojo,
IMG20250402163114_cluster_7_cherry_1.png,rojo,
IMG20250402163114_cluster_8_cherry_1.png,rojo,
IMG20250402163114_cluster_8_cherry_5.png,rojo,
IMG20250402163114_cluster_8_cherry_6.png,rojo,
IMG20250402163114_cluster_8_cherry_7.png,rojo,
IMG20250402163114_cluster_8_cherry_8.png,rojo,
IMG20250402163114_cluster_9_cherry_2.png,rojo,
IMG20250402163152_cluster_0_cherry_0.png,rojo,
IMG20250402163152_cluster_0_cherry_6.png,rojo,
IMG20250402163152_cluster_11_cherry_0.png,rojo,
IMG20250402163152_cluster_11_cherry_1.png,rojo,
IMG20250402163152_cluster_11_cherry_10.png,rojo,
IMG20250402163152_cluster_11_cherry_11.png,rojo,
IMG20250402163152_cluster_11_cherry_12.png,rojo,
IMG20250402163152_cluster_11_cherry_14.png,rojo,
IMG20250402163152_cluster_11_cherry_2.png,rojo,
IMG20250402163152_cluster_11_cherry_3.png,rojo,
IMG20250402163152_cluster_11_cherry_4.png,rojo,
IMG20250402163152_cluster_11_cherry_5.png,rojo,
IMG20250402163152_cluster_11_cherry_6.png,rojo,
IMG20250402163152_cluster_13_cherry_10.png,rojo,
IMG20250402163152_cluster_13_cherry_16.png,rojo,
IMG20250402163152_cluster_13_cherry_8.png,rojo,
IMG20250402163152_cluster_15_cherry_0.png,rojo,
IMG20250402163152_cluster_15_cherry_1.png,rojo,
IMG20250402163152_cluster_15_cherry_2.png,rojo,
IMG20250402163152_cluster_15_cherry_5.png,rojo,
IMG20250402163152_cluster_16_cherry_0.png,rojo,
IMG20250402163152_cluster_16_cherry_4.png,rojo,
IMG20250402163152_cluster_16_cherry_5.png,rojo,
IMG20250402163152_cluster_16_cherry_6.png,rojo,
IMG20250402163152_cluster_16_cherry_7.png,rojo,
IMG20250402163152_cluster_16_cherry_8.png,rojo,
IMG20250402163152_cluster_17_cherry_0.png,rojo,
IMG20250402163152_cluster_17_cherry_2.png,rojo,
IMG20250402163152_cluster_17_cherry_5.png,rojo,
IMG20250402163152_cluster_18_cherry_11.png,rojo,
IMG20250402163152_cluster_19_cherry_0.png,rojo,
IMG20250402163152_cluster_19_cherry_2.png,rojo,
IMG20250402163152_cluster_19_cherry_3.png,rojo,
IMG20250402163152_cluster_1_cherry_8.png,rojo,
IMG20250402163152_cluster_20_cherry_1.png,rojo,
IMG20250402163152_cluster_21_cherry_1.png,rojo,
IMG20250402163152_cluster_21_cherry_2.png,rojo,
IMG20250402163152_cluster_21_cherry_3.png,rojo,
IMG20250402163152_cluster_22_cherry_0.png,rojo,
IMG20250402163152_cluster_22_cherry_1.png,rojo,
IMG20250402163152_cluster_22_cherry_2.png,rojo,
IMG20250402163152_cluster_22_cherry_7.png,rojo,
IMG20250402163152_cluster_23_cherry_0.png,rojo,
IMG20250402163152_cluster_23_cherry_1.png,rojo,
IMG20250402163152_cluster_23_cherry_2.png,rojo,
IMG20250402163152_cluster_23_cherry_3.png,rojo,
IMG20250402163152_cluster_23_cherry_4.png,rojo,
IMG20250402163152_cluster_25_cherry_0.png,rojo,
IMG20250402163152_cluster_25_cherry_18.png,rojo,
IMG20250402163152_cluster_25_cherry_23.png,rojo,
IMG20250402163152_cluster_25_cherry_3.png,rojo,
IMG20250402163152_cluster_26_cherry_1.png,rojo,
IMG20250402163152_cluster_26_cherry_2.png,rojo,
IMG20250402163152_cluster_26_cherry_3.png,rojo,
IMG20250402163152_cluster_27_cherry_7.png,rojo,
IMG20250402163152_cluster_28_cherry_0.png,rojo,
IMG20250402163152_cluster_29_cherry_0.png,rojo,
IMG20250402163152_cluster_29_cherry_3.png,rojo,
IMG20250402163152_cluster_29_cherry_4.png,rojo,
IMG20250402163152_cluster_29_cherry_5.png,rojo,
IMG20250402163152_cluster_29_cherry_6.png,rojo,
IMG20250402163152_cluster_2_cherry_0.png,rojo,
IMG20250402163152_cluster_2_cherry_1.png,rojo,
IMG20250402163152_cluster_2_cherry_3.png,rojo,
IMG20250402163152_cluster_2_cherry_7.png,rojo,
IMG20250402163152_cluster_30_cherry_0.png,rojo,
IMG20250402163152_cluster_30_cherry_1.png,rojo,
IMG20250402163152_cluster_30_cherry_3.png,rojo,
IMG20250402163152_cluster_30_cherry_4.png,rojo,
IMG20250402163152_cluster_31_cherry_1.png,rojo,
IMG20250402163152_cluster_31_cherry_9.png,rojo,
IMG20250402163152_cluster_32_cherry_0.png,rojo,
IMG20250402163152_cluster_33_cherry_0.png,rojo,
IMG20250402163152_cluster_33_cherry_1.png,rojo,
IMG20250402163152_cluster_33_cherry_10.png,rojo,
IMG20250402163152_cluster_33_cherry_11.png,rojo,
IMG20250402163152_cluster_33_cherry_2.png,rojo,
IMG20250402163152_cluster_33_cherry_3.png,rojo,
IMG20250402163152_cluster_33_cherry_4.png,rojo,
IMG20250402163152_cluster_33_cherry_5.png,rojo,
IMG20250402163152_cluster_33_cherry_6.png,rojo,
IMG20250402163152_cluster_33_cherry_7.png,rojo,
IMG20250402163152_cluster_33_cherry_8.png,rojo,
IMG20250402163152_cluster_36_cherry_0.png,rojo,
IMG20250402163152_cluster_39_cherry_0.png,rojo,
IMG20250402163152_cluster_39_cherry_1.png,rojo,
IMG20250402163152_cluster_39_cherry_4.png,rojo,
IMG20250402163152_cluster_39_cherry_6.png,rojo,
IMG20250402163152_cluster_40_cherry_14.png,rojo,
IMG20250402163152_cluster_40_cherry_16.png,rojo,
IMG20250402163152_cluster_40_cherry_2.png,rojo,
IMG20250402163152_cluster_40_cherry_3.png,rojo,
IMG20250402163152_cluster_40_cherry_4.png,rojo,
IMG20250402163152_cluster_43_cherry_0.png,rojo,
IMG20250402163152_cluster_43_cherry_1.png,rojo,
IMG20250402163152_cluster_43_cherry_2.png,rojo,
IMG20250402163152_cluster_43_cherry_3.png,rojo,
IMG20250402163152_cluster_43_cherry_4.png,rojo,
IMG20250402163152_cluster_43_cherry_5.png,rojo,
IMG20250402163152_cluster_44_cherry_0.png,rojo,
IMG20250402163152_cluster_44_cherry_1.png,rojo,
IMG20250402163152_cluster_44_cherry_2.png,rojo,
IMG20250402163152_cluster_44_cherry_8.png,rojo,
IMG20250402163152_cluster_45_cherry_0.png,rojo,
IMG20250402163152_cluster_45_cherry_1.png,rojo,
IMG20250402163152_cluster_46_cherry_0.png,rojo,
IMG20250402163152_cluster_47_cherry_9.png,rojo,
IMG20250402163152_cluster_4_cherry_0.png,rojo,
IMG20250402163152_cluster_4_cherry_1.png,rojo,
IMG20250402163152_cluster_4_cherry_4.png,rojo,
IMG20250402163152_cluster_4_cherry_5.png,rojo,
IMG20250402163152_cluster_4_cherry_6.png,rojo,
IMG20250402163152_cluster_4_cherry_7.png,rojo,
IMG20250402163152_cluster_50_cherry_0.png,rojo,
IMG20250402163152_cluster_51_cherry_1.png,rojo,
IMG20250402163152_cluster_51_cherry_7.png,rojo,
IMG20250402163152_cluster_52_cherry_0.png,rojo,
IMG20250402163152_cluster_52_cherry_1.png,rojo,
IMG20250402163152_cluster_52_cherry_2.png,rojo,
IMG20250402163152_cluster_52_cherry_3.png,rojo,
IMG20250402163152_cluster_54_cherry_4.png,rojo,
IMG20250402163152_cluster_55_cherry_7.png,rojo,
IMG20250402163152_cluster_56_cherry_0.png,rojo,
IMG20250402163152_cluster_57_cherry_0.png,rojo,
IMG20250402163152_cluster_57_cherry_1.png,rojo,
IMG20250402163152_cluster_57_cherry_11.png,rojo,
IMG20250402163152_cluster_57_cherry_14.png,rojo,
IMG20250402163152_cluster_57_cherry_15.png,rojo,
IMG20250402163152_cluster_57_cherry_2.png,rojo,
IMG20250402163152_cluster_57_cherry_20.png,rojo,
IMG20250402163152_cluster_57_cherry_22.png,rojo,
IMG20250402163152_cluster_57_cherry_23.png,rojo,
IMG20250402163152_cluster_57_cherry_24.png,rojo,
IMG20250402163152_cluster_57_cherry_5.png,rojo,
IMG20250402163152_cluster_57_cherry_8.png,rojo,
IMG20250402163152_cluster_57_cherry_9.png,rojo,
IMG20250402163152_cluster_58_cherry_0.png,rojo,
IMG20250402163152_cluster_58_cherry_3.png,rojo,
IMG20250402163152_cluster_58_cherry_5.png,rojo,
IMG20250402163152_cluster_59_cherry_1.png,rojo,
IMG20250402163152_cluster_5_cherry_0.png,rojo,
IMG20250402163152_cluster_5_cherry_1.png,rojo,
IMG20250402163152_cluster_5_cherry_2.png,rojo,
IMG20250402163152_cluster_60_cherry_0.png,rojo,
IMG20250402163152_cluster_60_cherry_1.png,rojo,
IMG20250402163152_cluster_61_cherry_0.png,rojo,
IMG20250402163152_cluster_63_cherry_1.png,rojo,
IMG20250402163152_cluster_63_cherry_3.png,rojo,
IMG20250402163152_cluster_65_cherry_3.png,rojo,
IMG20250402163152_cluster_66_cherry_1.png,rojo,
IMG20250402163152_cluster_67_cherry_0.png,rojo,
IMG20250402163152_cluster_67_cherry_1.png,rojo,
IMG20250402163152_cluster_68_cherry_5.png,rojo,
IMG20250402163152_cluster_68_cherry_9.png,rojo,
IMG20250402163152_cluster_6_cherry_1.png,rojo,
IMG20250402163152_cluster_6_cherry_6.png,rojo,
IMG20250402163152_cluster_70_cherry_0.png,rojo,
IMG20250402163152_cluster_71_cherry_0.png,rojo,
IMG20250402163152_cluster_71_cherry_1.png,rojo,
IMG20250402163152_cluster_71_cherry_2.png,rojo,
IMG20250402163152_cluster_7_cherry_0.png,rojo,
IMG20250402163152_cluster_7_cherry_1.png,rojo,
IMG20250402163152_cluster_7_cherry_2.png,rojo,
IMG20250402163152_cluster_7_cherry_3.png,rojo,
IMG20250402163152_cluster_7_cherry_4.png,rojo,
IMG20250402163152_cluster_7_cherry_8.png,rojo,
IMG20250402163152_cluster_8_cherry_0.png,rojo,
IMG20250402163152_cluster_8_cherry_2.png,rojo,
IMG20250402163152_cluster_9_cherry_0.png,rojo,
IMG20250402163152_cluster_9_cherry_1.png,rojo,
IMG20250402163152_cluster_9_cherry_3.png,rojo,
IMG20250402163152_cluster_9_cherry_4.png,rojo,
IMG20250402163152_cluster_9_cherry_5.png,rojo,
IMG20250402163152_cluster_9_cherry_7.png,rojo,
IMG20250402163152_cluster_9_cherry_8.png,rojo,
IMG20250402163312_cluster_10_cherry_4.png,rojo,
IMG20250402163312_cluster_10_cherry_7.png,rojo,
IMG20250402163312_cluster_10_cherry_9.png,rojo,
IMG20250402163312_cluster_11_cherry_0.png,rojo,
IMG20250402163312_cluster_12_cherry_0.png,rojo,
IMG20250402163312_cluster_12_cherry_1.png,rojo,
IMG20250402163312_cluster_13_cherry_0.png,rojo,
IMG20250402163312_cluster_13_cherry_1.png,rojo,
IMG20250402163312_cluster_13_cherry_6.png,rojo,
IMG20250402163312_cluster_14_cherry_1.png,rojo,
IMG20250402163312_cluster_16_cherry_0.png,rojo,
IMG20250402163312_cluster_16_cherry_1.png,rojo,
IMG20250402163312_cluster_17_cherry_0.png,rojo,
IMG20250402163312_cluster_19_cherry_2.png,rojo,
IMG20250402163312_cluster_1_cherry_2.png,rojo,
IMG20250402163312_cluster_1_cherry_4.png,rojo,
IMG20250402163312_cluster_21_cherry_0.png,rojo,
IMG20250402163312_cluster_21_cherry_1.png,rojo,
IMG20250402163312_cluster_21_cherry_2.png,rojo,
IMG20250402163312_cluster_2_cherry_0.png,rojo,
IMG20250402163312_cluster_5_cherry_0.png,rojo,
IMG20250402163312_cluster_5_cherry_1.png,rojo,
IMG20250402163312_cluster_5_cherry_2.png,rojo,
IMG20250402163312_cluster_5_cherry_4.png,rojo,
IMG20250402163312_cluster_5_cherry_5.png,rojo,
IMG20250402163312_cluster_6_cherry_0.png,rojo,
IMG20250402163312_cluster_6_cherry_1.png,rojo,
IMG20250402163312_cluster_6_cherry_2.png,rojo,
IMG20250402163312_cluster_6_cherry_4.png,rojo,
IMG20250402163312_cluster_6_cherry_7.png,rojo,
IMG20250402163312_cluster_6_cherry_8.png,rojo,
IMG20250402163312_cluster_6_cherry_9.png,rojo,
IMG20250402163312_cluster_7_cherry_12.png,rojo,
IMG20250402163312_cluster_7_cherry_13.png,rojo,
IMG20250402163312_cluster_7_cherry_15.png,rojo,
IMG20250402163312_cluster_7_cherry_8.png,rojo,
IMG20250402163433_cluster_0_cherry_0.png,rojo,
IMG20250402163433_cluster_0_cherry_9.png,rojo,
IMG20250402163433_cluster_1_cherry_0.png,rojo,
IMG20250402163433_cluster_1_cherry_1.png,rojo,
IMG20250402163433_cluster_1_cherry_2.png,rojo,
IMG20250402163433_cluster_1_cherry_3.png,rojo,
IMG20250402163433_cluster_1_cherry_4.png,rojo,
IMG20250402163433_cluster_1_cherry_5.png,rojo,
IMG20250402163433_cluster_1_cherry_8.png,rojo,
IMG20250402163433_cluster_2_cherry_0.png,rojo,
IMG20250402163433_cluster_2_cherry_1.png,rojo,
IMG20250402163433_cluster_2_cherry_3.png,rojo,
IMG20250402163433_cluster_2_cherry_5.png,rojo,
IMG20250402163433_cluster_2_cherry_7.png,rojo,
IMG20250402163535_cluster_0_cherry_0.png,rojo,
IMG20250402163535_cluster_0_cherry_7.png,rojo,
IMG20250402163535_cluster_2_cherry_6.png,rojo,
IMG20250402163535_cluster_4_cherry_0.png,rojo,
IMG20250402163535_cluster_4_cherry_1.png,rojo,
IMG20250402163535_cluster_5_cherry_0.png,rojo,
IMG20250402163646_cluster_10_cherry_1.png,rojo,
IMG20250402163646_cluster_10_cherry_3.png,rojo,
IMG20250402163646_cluster_11_cherry_2.png,rojo,
IMG20250402163646_cluster_12_cherry_0.png,rojo,
IMG20250402163646_cluster_12_cherry_1.png,rojo,
IMG20250402163646_cluster_12_cherry_2.png,rojo,
IMG20250402163646_cluster_16_cherry_0.png,rojo,
IMG20250402163646_cluster_17_cherry_0.png,rojo,
IMG20250402163646_cluster_18_cherry_0.png,rojo,
IMG20250402163646_cluster_18_cherry_1.png,rojo,
IMG20250402163646_cluster_18_cherry_3.png,rojo,
IMG20250402163646_cluster_1_cherry_2.png,rojo,
IMG20250402163646_cluster_21_cherry_1.png,rojo,
IMG20250402163646_cluster_26_cherry_1.png,rojo,
IMG20250402163646_cluster_30_cherry_1.png,rojo,
IMG20250402163646_cluster_33_cherry_0.png,rojo,
IMG20250402163646_cluster_39_cherry_1.png,rojo,
IMG20250402163646_cluster_39_cherry_2.png,rojo,
IMG20250402163646_cluster_3_cherry_0.png,rojo,
IMG20250402163646_cluster_3_cherry_2.png,rojo,
IMG20250402163646_cluster_3_cherry_4.png,rojo,
IMG20250402163646_cluster_3_cherry_5.png,rojo,
IMG20250402163646_cluster_3_cherry_6.png,rojo,
IMG20250402163646_cluster_3_cherry_9.png,rojo,
IMG20250402163646_cluster_5_cherry_4.png,rojo,
IMG20250402163646_cluster_6_cherry_0.png,rojo,
IMG20250402163646_cluster_6_cherry_10.png,rojo,
IMG20250402163646_cluster_6_cherry_4.png,rojo,
IMG20250402163646_cluster_6_cherry_7.png,rojo,
IMG20250402163646_cluster_6_cherry_8.png,rojo,
IMG20250402163646_cluster_7_cherry_0.png,rojo,
IMG20250402163646_cluster_7_cherry_1.png,rojo,
IMG20250402163646_cluster_7_cherry_3.png,rojo,
IMG20250402163646_cluster_9_cherry_0.png,rojo,
IMG20250402163714_cluster_0_cherry_1.png,rojo,
IMG20250402163714_cluster_0_cherry_12.png,rojo,
IMG20250402163714_cluster_0_cherry_5.png,rojo,
IMG20250402163714_cluster_0_cherry_6.png,rojo,
IMG20250402163714_cluster_16_cherry_0.png,rojo,
IMG20250402163714_cluster_1_cherry_0.png,rojo,
IMG20250402163714_cluster_1_cherry_1.png,rojo,
IMG20250402163714_cluster_1_cherry_11.png,rojo,
IMG20250402163714_cluster_1_cherry_16.png,rojo,
IMG20250402163714_cluster_1_cherry_3.png,rojo,
IMG20250402163714_cluster_1_cherry_4.png,rojo,
IMG20250402163714_cluster_4_cherry_0.png,rojo,
IMG20250402163714_cluster_4_cherry_1.png,rojo,
IMG20250402163747_cluster_1_cherry_0.png,rojo,
IMG20250402163747_cluster_1_cherry_7.png,rojo,
IMG20250402163747_cluster_1_cherry_9.png,rojo,
IMG20250402163747_cluster_3_cherry_0.png,rojo,
IMG20250402163747_cluster_4_cherry_0.png,rojo,
IMG20250402163747_cluster_4_cherry_1.png,rojo,
IMG20250402163747_cluster_4_cherry_2.png,rojo,
IMG20250402163747_cluster_4_cherry_3.png,rojo,
IMG20250402163747_cluster_4_cherry_5.png,rojo,
IMG20250402163747_cluster_4_cherry_9.png,rojo,
IMG20250402163747_cluster_7_cherry_0.png,rojo,
IMG20250402163747_cluster_7_cherry_1.png,rojo,
IMG20250402163747_cluster_8_cherry_0.png,rojo,
IMG20250402163747_cluster_8_cherry_1.png,rojo,
IMG20250402163829_cluster_0_cherry_5.png,rojo,
IMG20250402163829_cluster_0_cherry_6.png,rojo,
IMG20250402163829_cluster_0_cherry_9.png,rojo,
IMG20250402163829_cluster_10_cherry_0.png,rojo,
IMG20250402163829_cluster_10_cherry_1.png,rojo,
IMG20250402163829_cluster_10_cherry_4.png,rojo,
IMG20250402163829_cluster_11_cherry_6.png,rojo,
IMG20250402163829_cluster_12_cherry_0.png,rojo,
IMG20250402163829_cluster_12_cherry_1.png,rojo,
IMG20250402163829_cluster_12_cherry_2.png,rojo,
IMG20250402163829_cluster_12_cherry_3.png,rojo,
IMG20250402163829_cluster_13_cherry_0.png,rojo,
IMG20250402163829_cluster_13_cherry_2.png,rojo,
IMG20250402163829_cluster_15_cherry_0.png,rojo,
IMG20250402163829_cluster_15_cherry_1.png,rojo,
IMG20250402163829_cluster_17_cherry_0.png,rojo,
IMG20250402163829_cluster_17_cherry_10.png,rojo,
IMG20250402163829_cluster_17_cherry_12.png,rojo,
IMG20250402163829_cluster_17_cherry_14.png,rojo,
IMG20250402163829_cluster_17_cherry_2.png,rojo,
IMG20250402163829_cluster_18_cherry_2.png,rojo,
IMG20250402163829_cluster_18_cherry_3.png,rojo,
IMG20250402163829_cluster_1_cherry_0.png,rojo,
IMG20250402163829_cluster_1_cherry_3.png,rojo,
IMG20250402163829_cluster_1_cherry_4.png,rojo,
IMG20250402163829_cluster_21_cherry_1.png,rojo,
IMG20250402163829_cluster_23_cherry_0.png,rojo,
IMG20250402163829_cluster_23_cherry_2.png,rojo,
IMG20250402163829_cluster_24_cherry_1.png,rojo,
IMG20250402163829_cluster_24_cherry_2.png,rojo,
IMG20250402163829_cluster_25_cherry_0.png,rojo,
IMG20250402163829_cluster_25_cherry_4.png,rojo,
IMG20250402163829_cluster_25_cherry_5.png,rojo,
IMG20250402163829_cluster_30_cherry_0.png,rojo,
IMG20250402163829_cluster_30_cherry_1.png,rojo,
IMG20250402163829_cluster_31_cherry_0.png,rojo,
IMG20250402163829_cluster_31_cherry_1.png,rojo,
IMG20250402163829_cluster_33_cherry_0.png,rojo,
IMG20250402163829_cluster_35_cherry_0.png,rojo,
IMG20250402163829_cluster_35_cherry_1.png,rojo,
IMG20250402163829_cluster_35_cherry_2.png,rojo,
IMG20250402163829_cluster_3_cherry_0.png,rojo,
IMG20250402163829_cluster_3_cherry_1.png,rojo,
IMG20250402163829_cluster_3_cherry_2.png,rojo,
IMG20250402163829_cluster_3_cherry_3.png,rojo,
IMG20250402163829_cluster_3_cherry_4.png,rojo,
IMG20250402163829_cluster_3_cherry_5.png,rojo,
IMG20250402163829_cluster_3_cherry_6.png,rojo,
IMG20250402163829_cluster_4_cherry_0.png,rojo,
IMG20250402163829_cluster_4_cherry_1.png,rojo,
IMG20250402163829_cluster_4_cherry_10.png,rojo,
IMG20250402163829_cluster_4_cherry_11.png,rojo,
IMG20250402163829_cluster_4_cherry_12.png,rojo,
IMG20250402163829_cluster_4_cherry_13.png,rojo,
IMG20250402163829_cluster_4_cherry_15.png,rojo,
IMG20250402163829_cluster_4_cherry_18.png,rojo,
IMG20250402163829_cluster_4_cherry_2.png,rojo,
IMG20250402163829_cluster_4_cherry_21.png,rojo,
IMG20250402163829_cluster_4_cherry_22.png,rojo,
IMG20250402163829_cluster_4_cherry_23.png,rojo,
IMG20250402163829_cluster_4_cherry_25.png,rojo,
IMG20250402163829_cluster_4_cherry_26.png,rojo,
IMG20250402163829_cluster_4_cherry_27.png,rojo,
IMG20250402163829_cluster_4_cherry_3.png,rojo,
IMG20250402163829_cluster_4_cherry_5.png,rojo,
IMG20250402163829_cluster_4_cherry_6.png,rojo,
IMG20250402163829_cluster_4_cherry_7.png,rojo,
IMG20250402163829_cluster_4_cherry_8.png,rojo,
IMG20250402163829_cluster_5_cherry_0.png,rojo,
IMG20250402163829_cluster_5_cherry_1.png,rojo,
IMG20250402163829_cluster_5_cherry_11.png,rojo,
IMG20250402163829_cluster_5_cherry_15.png,rojo,
IMG20250402163829_cluster_5_cherry_2.png,rojo,
IMG20250402163829_cluster_5_cherry_4.png,rojo,
IMG20250402163829_cluster_5_cherry_5.png,rojo,
IMG20250402163829_cluster_5_cherry_6.png,rojo,
IMG20250402163829_cluster_5_cherry_7.png,rojo,
IMG20250402163829_cluster_7_cherry_5.png,rojo,
IMG20250402163829_cluster_8_cherry_3.png,rojo,
IMG20250402163829_cluster_9_cherry_0.png,rojo,
IMG20250402163829_cluster_9_cherry_1.png,rojo,
IMG20250402163930_cluster_0_cherry_0.png,rojo,
IMG20250402163930_cluster_0_cherry_1.png,rojo,
IMG20250402163930_cluster_0_cherry_8.png,rojo,
IMG20250402163930_cluster_3_cherry_0.png,rojo,
IMG20250402163930_cluster_3_cherry_1.png,rojo,
IMG20250402163930_cluster_3_cherry_5.png,rojo,
IMG20250402163930_cluster_3_cherry_6.png,rojo,
IMG20250402163930_cluster_3_cherry_7.png,rojo,
IMG20250402163930_cluster_3_cherry_8.png,rojo,
IMG20250402163930_cluster_4_cherry_0.png,rojo,
IMG20250402164225_cluster_12_cherry_0.png,rojo,
IMG20250402164225_cluster_12_cherry_1.png,rojo,
IMG20250402164225_cluster_12_cherry_2.png,rojo,
IMG20250402164225_cluster_12_cherry_7.png,rojo,
IMG20250402164225_cluster_13_cherry_0.png,rojo,
IMG20250402164225_cluster_13_cherry_1.png,rojo,
IMG20250402164225_cluster_13_cherry_2.png,rojo,
IMG20250402164225_cluster_14_cherry_0.png,rojo,
IMG20250402164225_cluster_14_cherry_1.png,rojo,
IMG20250402164225_cluster_14_cherry_10.png,rojo,
IMG20250402164225_cluster_14_cherry_2.png,rojo,
IMG20250402164225_cluster_14_cherry_3.png,rojo,
IMG20250402164225_cluster_14_cherry_9.png,rojo,
IMG20250402164225_cluster_15_cherry_0.png,rojo,
IMG20250402164225_cluster_17_cherry_0.png,rojo,
IMG20250402164225_cluster_17_cherry_1.png,rojo,
IMG20250402164225_cluster_20_cherry_0.png,rojo,
IMG20250402164225_cluster_20_cherry_1.png,rojo,
IMG20250402164225_cluster_20_cherry_10.png,rojo,
IMG20250402164225_cluster_20_cherry_13.png,rojo,
IMG20250402164225_cluster_20_cherry_19.png,rojo,
IMG20250402164225_cluster_20_cherry_2.png,rojo,
IMG20250402164225_cluster_20_cherry_21.png,rojo,
IMG20250402164225_cluster_20_cherry_3.png,rojo,
IMG20250402164225_cluster_20_cherry_4.png,rojo,
IMG20250402164225_cluster_20_cherry_5.png,rojo,
IMG20250402164225_cluster_20_cherry_7.png,rojo,
IMG20250402164225_cluster_27_cherry_0.png,rojo,
IMG20250402164225_cluster_27_cherry_1.png,rojo,
IMG20250402164225_cluster_27_cherry_2.png,rojo,
IMG20250402164225_cluster_27_cherry_3.png,rojo,
IMG20250402164225_cluster_27_cherry_5.png,rojo,
IMG20250402164225_cluster_27_cherry_6.png,rojo,
IMG20250402164225_cluster_27_cherry_7.png,rojo,
IMG20250402164225_cluster_28_cherry_2.png,rojo,
IMG20250402164225_cluster_28_cherry_3.png,rojo,
IMG20250402164225_cluster_29_cherry_0.png,rojo,
IMG20250402164225_cluster_30_cherry_0.png,rojo,
IMG20250402164225_cluster_30_cherry_13.png,rojo,
IMG20250402164225_cluster_30_cherry_19.png,rojo,
IMG20250402164225_cluster_31_cherry_0.png,rojo,
IMG20250402164225_cluster_31_cherry_1.png,rojo,
IMG20250402164225_cluster_31_cherry_12.png,rojo,
IMG20250402164225_cluster_31_cherry_2.png,rojo,
IMG20250402164225_cluster_31_cherry_3.png,rojo,
IMG20250402164225_cluster_31_cherry_4.png,rojo,
IMG20250402164225_cluster_31_cherry_5.png,rojo,
IMG20250402164225_cluster_33_cherry_0.png,rojo,
IMG20250402164225_cluster_35_cherry_0.png,rojo,
IMG20250402164225_cluster_36_cherry_0.png,rojo,
IMG20250402164225_cluster_36_cherry_2.png,rojo,
IMG20250402164225_cluster_36_cherry_3.png,rojo,
IMG20250402164225_cluster_37_cherry_1.png,rojo,
IMG20250402164225_cluster_38_cherry_2.png,rojo,
IMG20250402164225_cluster_38_cherry_3.png,rojo,
IMG20250402164225_cluster_39_cherry_0.png,rojo,
IMG20250402164225_cluster_39_cherry_2.png,rojo,
IMG20250402164225_cluster_39_cherry_3.png,rojo,
IMG20250402164225_cluster_3_cherry_0.png,rojo,
IMG20250402164225_cluster_3_cherry_11.png,rojo,
IMG20250402164225_cluster_3_cherry_9.png,rojo,
IMG20250402164225_cluster_42_cherry_1.png,rojo,
IMG20250402164225_cluster_42_cherry_2.png,rojo,
IMG20250402164225_cluster_43_cherry_0.png,rojo,
IMG20250402164225_cluster_43_cherry_1.png,rojo,
IMG20250402164225_cluster_45_cherry_0.png,rojo,
IMG20250402164225_cluster_45_cherry_13.png,rojo,
IMG20250402164225_cluster_45_cherry_3.png,rojo,
IMG20250402164225_cluster_45_cherry_5.png,rojo,
IMG20250402164225_cluster_47_cherry_0.png,rojo,
IMG20250402164225_cluster_47_cherry_1.png,rojo,
IMG20250402164225_cluster_6_cherry_3.png,rojo,
IMG20250402164225_cluster_7_cherry_0.png,rojo,
IMG20250402164225_cluster_7_cherry_5.png,rojo,
IMG20250402164225_cluster_9_cherry_0.png,rojo,
IMG20250402164225_cluster_9_cherry_1.png,rojo,
IMG20250402164225_cluster_9_cherry_10.png,rojo,
IMG20250402164225_cluster_9_cherry_2.png,rojo,
IMG20250402164225_cluster_9_cherry_3.png,rojo,
IMG20250402164225_cluster_9_cherry_5.png,rojo,
IMG20250402164225_cluster_9_cherry_6.png,rojo,
IMG20250402164225_cluster_9_cherry_7.png,rojo,
IMG20250402164225_cluster_9_cherry_9.png,rojo,
IMG20250402162204_cluster_0_cherry_11.png,verde,67
IMG20250402162204_cluster_0_cherry_12.png,verde,77
IMG20250402162204_cluster_0_cherry_16.png,verde,80
IMG20250402162204_cluster_0_cherry_19.png,verde,46
IMG20250402162204_cluster_0_cherry_22.png,verde,81
IMG20250402162204_cluster_0_cherry_25.png,verde,86
IMG20250402162204_cluster_0_cherry_26.png,verde,78
IMG20250402162204_cluster_0_cherry_7.png,verde,54
IMG20250402162204_cluster_10_cherry_0.png,verde,72
IMG20250402162204_cluster_10_cherry_3.png,verde,76
IMG20250402162204_cluster_10_cherry_6.png,verde,64
IMG20250402162204_cluster_12_cherry_1.png,verde,90
IMG20250402162204_cluster_14_cherry_4.png,verde,33
IMG20250402162204_cluster_14_cherry_5.png,verde,52
IMG20250402162204_cluster_14_cherry_7.png,verde,74
IMG20250402162204_cluster_18_cherry_2.png,verde,39
IMG20250402162204_cluster_1_cherry_0.png,verde,68
IMG20250402162204_cluster_1_cherry_10.png,verde,85
IMG20250402162204_cluster_1_cherry_3.png,verde,90
IMG20250402162204_cluster_1_cherry_6.png,verde,79
IMG20250402162204_cluster_21_cherry_0.png,verde,78
IMG20250402162204_cluster_22_cherry_2.png,verde,81
IMG20250402162204_cluster_23_cherry_0.png,verde,85
IMG20250402162204_cluster_23_cherry_3.png,verde,65
IMG20250402162204_cluster_25_cherry_3.png,verde,78
IMG20250402162204_cluster_2_cherry_4.png,verde,86
IMG20250402162204_cluster_30_cherry_1.png,verde,75
IMG20250402162204_cluster_30_cherry_2.png,verde,80
IMG20250402162204_cluster_30_cherry_3.png,verde,76
IMG20250402162204_cluster_31_cherry_0.png,verde,50
IMG20250402162204_cluster_3_cherry_1.png,verde,20
IMG20250402162204_cluster_3_cherry_4.png,verde,74
IMG20250402162204_cluster_40_cherry_0.png,verde,65
IMG20250402162204_cluster_4_cherry_1.png,verde,76
IMG20250402162204_cluster_4_cherry_2.png,verde,80
IMG20250402162204_cluster_4_cherry_3.png,verde,82
IMG20250402162204_cluster_4_cherry_7.png,verde,77
IMG20250402162204_cluster_5_cherry_3.png,verde,82
IMG20250402162204_cluster_5_cherry_4.png,verde,81
IMG20250402162204_cluster_5_cherry_6.png,verde,75
IMG20250402162204_cluster_6_cherry_0.png,verde,69
IMG20250402162204_cluster_7_cherry_4.png,verde,35
IMG20250402162204_cluster_8_cherry_3.png,verde,65
IMG20250402162204_cluster_8_cherry_5.png,verde,80
IMG20250402162204_cluster_9_cherry_11.png,verde,72
IMG20250402162204_cluster_9_cherry_12.png,verde,42
IMG20250402162204_cluster_9_cherry_15.png,verde,31
IMG20250402162204_cluster_9_cherry_7.png,verde,50
IMG20250402162206_cluster_0_cherry_10.png,verde,86
IMG20250402162206_cluster_0_cherry_16.png,verde,67
IMG20250402162206_cluster_0_cherry_19.png,verde,78
IMG20250402162206_cluster_0_cherry_2.png,verde,80
IMG20250402162206_cluster_0_cherry_4.png,verde,77
IMG20250402162206_cluster_0_cherry_5.png,verde,40
IMG20250402162206_cluster_0_cherry_8.png,verde,83
IMG20250402162206_cluster_10_cherry_2.png,verde,80
IMG20250402162206_cluster_12_cherry_0.png,verde,56
IMG20250402162206_cluster_12_cherry_13.png,verde,32
IMG20250402162206_cluster_12_cherry_2.png,verde,77
IMG20250402162206_cluster_12_cherry_4.png,verde,65
IMG20250402162206_cluster_12_cherry_8.png,verde,80
IMG20250402162206_cluster_14_cherry_11.png,verde,74
IMG20250402162206_cluster_14_cherry_13.png,verde,88
IMG20250402162206_cluster_14_cherry_4.png,verde,77
IMG20250402162206_cluster_15_cherry_0.png,verde,78
IMG20250402162206_cluster_15_cherry_13.png,verde,85
IMG20250402162206_cluster_15_cherry_2.png,verde,78
IMG20250402162206_cluster_15_cherry_6.png,verde,65
IMG20250402162206_cluster_15_cherry_8.png,verde,36
IMG20250402162206_cluster_16_cherry_2.png,verde,71
IMG20250402162206_cluster_18_cherry_2.png,verde,73
IMG20250402162206_cluster_1_cherry_4.png,verde,76
IMG20250402162206_cluster_1_cherry_6.png,verde,82
IMG20250402162206_cluster_1_cherry_7.png,verde,65
IMG20250402162206_cluster_22_cherry_14.png,verde,46
IMG20250402162206_cluster_22_cherry_19.png,verde,71
IMG20250402162206_cluster_22_cherry_20.png,verde,42
IMG20250402162206_cluster_22_cherry_21.png,verde,63
IMG20250402162206_cluster_22_cherry_25.png,verde,76
IMG20250402162206_cluster_22_cherry_6.png,verde,28
IMG20250402162206_cluster_25_cherry_0.png,verde,77
IMG20250402162206_cluster_26_cherry_0.png,verde,80
IMG20250402162206_cluster_27_cherry_0.png,verde,81
IMG20250402162206_cluster_28_cherry_1.png,verde,55
IMG20250402162206_cluster_2_cherry_1.png,verde,75
IMG20250402162206_cluster_2_cherry_10.png,verde,80
IMG20250402162206_cluster_2_cherry_11.png,verde,40
IMG20250402162206_cluster_2_cherry_2.png,verde,86
IMG20250402162206_cluster_2_cherry_6.png,verde,63
IMG20250402162206_cluster_2_cherry_8.png,verde,86
IMG20250402162206_cluster_3_cherry_0.png,verde,74
IMG20250402162206_cluster_3_cherry_1.png,verde,80
IMG20250402162206_cluster_3_cherry_3.png,verde,83
IMG20250402162206_cluster_4_cherry_3.png,verde,90
IMG20250402162206_cluster_6_cherry_0.png,verde,82
IMG20250402162206_cluster_6_cherry_1.png,verde,84
IMG20250402162206_cluster_6_cherry_4.png,verde,86
IMG20250402162206_cluster_7_cherry_3.png,verde,84
IMG20250402162206_cluster_8_cherry_3.png,verde,76
IMG20250402162206_cluster_8_cherry_7.png,verde,83
IMG20250402162206_cluster_9_cherry_0.png,verde,86
IMG20250402162206_cluster_9_cherry_2.png,verde,85
IMG20250402162206_cluster_9_cherry_4.png,verde,84
IMG20250402162206_cluster_9_cherry_7.png,verde,81
IMG20250402162223_cluster_0_cherry_4.png,verde,63
IMG20250402162223_cluster_0_cherry_9.png,verde,25
IMG20250402162223_cluster_1_cherry_1.png,verde,82
IMG20250402162223_cluster_1_cherry_11.png,verde,78
IMG20250402162223_cluster_1_cherry_15.png,verde,83
IMG20250402162223_cluster_1_cherry_18.png,verde,85
IMG20250402162223_cluster_2_cherry_2.png,verde,76
IMG20250402162223_cluster_3_cherry_3.png,verde,78
IMG20250402162223_cluster_4_cherry_1.png,verde,82
IMG20250402162223_cluster_5_cherry_2.png,verde,65
IMG20250402162233_cluster_0_cherry_0.png,verde,78
IMG20250402162233_cluster_0_cherry_1.png,verde,82
IMG20250402162233_cluster_0_cherry_3.png,verde,76
IMG20250402162233_cluster_10_cherry_3.png,verde,80
IMG20250402162233_cluster_10_cherry_4.png,verde,87
IMG20250402162233_cluster_10_cherry_8.png,verde,79
IMG20250402162233_cluster_11_cherry_0.png,verde,81
IMG20250402162233_cluster_11_cherry_3.png,verde,78
IMG20250402162233_cluster_12_cherry_2.png,verde,77
IMG20250402162233_cluster_13_cherry_10.png,verde,80
IMG20250402162233_cluster_13_cherry_12.png,verde,81
IMG20250402162233_cluster_13_cherry_3.png,verde,78
IMG20250402162233_cluster_13_cherry_4.png,verde,81
IMG20250402162233_cluster_13_cherry_5.png,verde,79
IMG20250402162233_cluster_13_cherry_6.png,verde,78
IMG20250402162233_cluster_13_cherry_7.png,verde,81
IMG20250402162233_cluster_14_cherry_1.png,verde,79
IMG20250402162233_cluster_15_cherry_1.png,verde,81
IMG20250402162233_cluster_15_cherry_4.png,verde,89
IMG20250402162233_cluster_15_cherry_5.png,verde,78
IMG20250402162233_cluster_15_cherry_7.png,verde,79
IMG20250402162233_cluster_16_cherry_11.png,verde,75
IMG20250402162233_cluster_16_cherry_13.png,verde,82
IMG20250402162233_cluster_16_cherry_16.png,verde,87
IMG20250402162233_cluster_16_cherry_18.png,verde,32
IMG20250402162233_cluster_16_cherry_5.png,verde,65
IMG20250402162233_cluster_16_cherry_7.png,verde,77
IMG20250402162233_cluster_17_cherry_14.png,verde,80
IMG20250402162233_cluster_17_cherry_2.png,verde,81
IMG20250402162233_cluster_17_cherry_3.png,verde,86
IMG20250402162233_cluster_17_cherry_6.png,verde,78
IMG20250402162233_cluster_17_cherry_7.png,verde,82
IMG20250402162233_cluster_19_cherry_4.png,verde,82
IMG20250402162233_cluster_19_cherry_8.png,verde,86
IMG20250402162233_cluster_1_cherry_1.png,verde,78
IMG20250402162233_cluster_1_cherry_12.png,verde,75
IMG20250402162233_cluster_1_cherry_13.png,verde,78
IMG20250402162233_cluster_1_cherry_15.png,verde,83
IMG20250402162233_cluster_1_cherry_3.png,verde,88
IMG20250402162233_cluster_1_cherry_4.png,verde,76
IMG20250402162233_cluster_1_cherry_8.png,verde,78
IMG20250402162233_cluster_20_cherry_0.png,verde,
IMG20250402162233_cluster_20_cherry_2.png,verde,
IMG20250402162233_cluster_25_cherry_0.png,verde,
IMG20250402162233_cluster_25_cherry_1.png,verde,
IMG20250402162233_cluster_26_cherry_2.png,verde,
IMG20250402162233_cluster_28_cherry_13.png,verde,
IMG20250402162233_cluster_28_cherry_14.png,verde,
IMG20250402162233_cluster_28_cherry_9.png,verde,
IMG20250402162233_cluster_2_cherry_0.png,verde,
IMG20250402162233_cluster_2_cherry_12.png,verde,
IMG20250402162233_cluster_2_cherry_16.png,verde,
IMG20250402162233_cluster_2_cherry_20.png,verde,
IMG20250402162233_cluster_32_cherry_2.png,verde,
IMG20250402162233_cluster_33_cherry_1.png,verde,
IMG20250402162233_cluster_33_cherry_4.png,verde,
IMG20250402162233_cluster_39_cherry_1.png,verde,
IMG20250402162233_cluster_41_cherry_13.png,verde,
IMG20250402162233_cluster_41_cherry_14.png,verde,
IMG20250402162233_cluster_41_cherry_16.png,verde,
IMG20250402162233_cluster_41_cherry_5.png,verde,
IMG20250402162233_cluster_41_cherry_6.png,verde,
IMG20250402162233_cluster_42_cherry_10.png,verde,
IMG20250402162233_cluster_42_cherry_4.png,verde,
IMG20250402162233_cluster_42_cherry_7.png,verde,
IMG20250402162233_cluster_42_cherry_8.png,verde,
IMG20250402162233_cluster_42_cherry_9.png,verde,
IMG20250402162233_cluster_4_cherry_6.png,verde,
IMG20250402162233_cluster_4_cherry_7.png,verde,
IMG20250402162233_cluster_5_cherry_12.png,verde,
IMG20250402162233_cluster_5_cherry_18.png,verde,
IMG20250402162233_cluster_5_cherry_20.png,verde,
IMG20250402162233_cluster_5_cherry_21.png,verde,
IMG20250402162233_cluster_5_cherry_24.png,verde,
IMG20250402162233_cluster_5_cherry_25.png,verde,
IMG20250402162233_cluster_5_cherry_7.png,verde,
IMG20250402162233_cluster_5_cherry_8.png,verde,
IMG20250402162233_cluster_5_cherry_9.png,verde,
IMG20250402162233_cluster_6_cherry_1.png,verde,
IMG20250402162233_cluster_6_cherry_16.png,verde,
IMG20250402162233_cluster_6_cherry_2.png,verde,
IMG20250402162233_cluster_6_cherry_3.png,verde,
IMG20250402162233_cluster_6_cherry_6.png,verde,
IMG20250402162233_cluster_6_cherry_7.png,verde,
IMG20250402162233_cluster_7_cherry_2.png,verde,
IMG20250402162233_cluster_7_cherry_4.png,verde,
IMG20250402162233_cluster_8_cherry_0.png,verde,
IMG20250402162233_cluster_8_cherry_15.png,verde,
IMG20250402162233_cluster_8_cherry_6.png,verde,
IMG20250402162233_cluster_9_cherry_1.png,verde,
IMG20250402162347_cluster_0_cherry_3.png,verde,
IMG20250402162347_cluster_10_cherry_0.png,verde,
IMG20250402162347_cluster_12_cherry_3.png,verde,
IMG20250402162347_cluster_12_cherry_4.png,verde,
IMG20250402162347_cluster_14_cherry_0.png,verde,
IMG20250402162347_cluster_16_cherry_2.png,verde,
IMG20250402162347_cluster_16_cherry_5.png,verde,
IMG20250402162347_cluster_19_cherry_2.png,verde,
IMG20250402162347_cluster_22_cherry_1.png,verde,
IMG20250402162347_cluster_23_cherry_0.png,verde,
IMG20250402162347_cluster_23_cherry_3.png,verde,
IMG20250402162347_cluster_25_cherry_10.png,verde,
IMG20250402162347_cluster_28_cherry_3.png,verde,
IMG20250402162347_cluster_29_cherry_1.png,verde,
IMG20250402162347_cluster_2_cherry_1.png,verde,
IMG20250402162347_cluster_2_cherry_12.png,verde,
IMG20250402162347_cluster_2_cherry_14.png,verde,
IMG20250402162347_cluster_2_cherry_15.png,verde,
IMG20250402162347_cluster_2_cherry_19.png,verde,
IMG20250402162347_cluster_2_cherry_2.png,verde,
IMG20250402162347_cluster_2_cherry_5.png,verde,
IMG20250402162347_cluster_33_cherry_1.png,verde,
IMG20250402162347_cluster_33_cherry_3.png,verde,
IMG20250402162347_cluster_38_cherry_4.png,verde,
IMG20250402162347_cluster_40_cherry_6.png,verde,
IMG20250402162347_cluster_40_cherry_8.png,verde,
IMG20250402162347_cluster_41_cherry_0.png,verde,
IMG20250402162347_cluster_41_cherry_1.png,verde,
IMG20250402162347_cluster_5_cherry_0.png,verde,
IMG20250402162347_cluster_6_cherry_6.png,verde,
IMG20250402162347_cluster_8_cherry_8.png,verde,
IMG20250402162347_cluster_9_cherry_11.png,verde,
IMG20250402162347_cluster_9_cherry_4.png,verde,
IMG20250402162506_cluster_0_cherry_3.png,verde,
IMG20250402162506_cluster_10_cherry_2.png,verde,
IMG20250402162506_cluster_11_cherry_0.png,verde,
IMG20250402162506_cluster_11_cherry_3.png,verde,
IMG20250402162506_cluster_11_cherry_5.png,verde,
IMG20250402162506_cluster_11_cherry_7.png,verde,
IMG20250402162506_cluster_11_cherry_8.png,verde,
IMG20250402162506_cluster_11_cherry_9.png,verde,
IMG20250402162506_cluster_12_cherry_1.png,verde,
IMG20250402162506_cluster_14_cherry_0.png,verde,
IMG20250402162506_cluster_14_cherry_2.png,verde,
IMG20250402162506_cluster_14_cherry_3.png,verde,
IMG20250402162506_cluster_14_cherry_4.png,verde,
IMG20250402162506_cluster_17_cherry_1.png,verde,
IMG20250402162506_cluster_19_cherry_2.png,verde,
IMG20250402162506_cluster_1_cherry_13.png,verde,
IMG20250402162506_cluster_1_cherry_14.png,verde,
IMG20250402162506_cluster_1_cherry_3.png,verde,
IMG20250402162506_cluster_1_cherry_5.png,verde,
IMG20250402162506_cluster_1_cherry_7.png,verde,
IMG20250402162506_cluster_1_cherry_8.png,verde,
IMG20250402162506_cluster_21_cherry_0.png,verde,
IMG20250402162506_cluster_21_cherry_1.png,verde,
IMG20250402162506_cluster_22_cherry_3.png,verde,
IMG20250402162506_cluster_22_cherry_7.png,verde,
IMG20250402162506_cluster_23_cherry_0.png,verde,
IMG20250402162506_cluster_23_cherry_1.png,verde,
IMG20250402162506_cluster_23_cherry_4.png,verde,
IMG20250402162506_cluster_23_cherry_6.png,verde,
IMG20250402162506_cluster_26_cherry_0.png,verde,
IMG20250402162506_cluster_2_cherry_0.png,verde,
IMG20250402162506_cluster_2_cherry_1.png,verde,
IMG20250402162506_cluster_2_cherry_2.png,verde,
IMG20250402162506_cluster_30_cherry_0.png,verde,
IMG20250402162506_cluster_30_cherry_1.png,verde,
IMG20250402162506_cluster_36_cherry_0.png,verde,
IMG20250402162506_cluster_37_cherry_0.png,verde,
IMG20250402162506_cluster_38_cherry_2.png,verde,
IMG20250402162506_cluster_3_cherry_11.png,verde,
IMG20250402162506_cluster_3_cherry_12.png,verde,
IMG20250402162506_cluster_3_cherry_6.png,verde,
IMG20250402162506_cluster_3_cherry_8.png,verde,
IMG20250402162506_cluster_3_cherry_9.png,verde,
IMG20250402162506_cluster_42_cherry_2.png,verde,
IMG20250402162506_cluster_42_cherry_3.png,verde,
IMG20250402162506_cluster_44_cherry_1.png,verde,
IMG20250402162506_cluster_44_cherry_4.png,verde,
IMG20250402162506_cluster_44_cherry_6.png,verde,
IMG20250402162506_cluster_45_cherry_0.png,verde,
IMG20250402162506_cluster_45_cherry_2.png,verde,
IMG20250402162506_cluster_4_cherry_0.png,verde,
IMG20250402162506_cluster_4_cherry_10.png,verde,
IMG20250402162506_cluster_4_cherry_12.png,verde,
IMG20250402162506_cluster_4_cherry_7.png,verde,
IMG20250402162506_cluster_4_cherry_8.png,verde,
IMG20250402162506_cluster_4_cherry_9.png,verde,
IMG20250402162506_cluster_5_cherry_0.png,verde,
IMG20250402162506_cluster_5_cherry_1.png,verde,
IMG20250402162506_cluster_5_cherry_10.png,verde,
IMG20250402162506_cluster_5_cherry_12.png,verde,
IMG20250402162506_cluster_5_cherry_2.png,verde,
IMG20250402162506_cluster_5_cherry_4.png,verde,
IMG20250402162506_cluster_5_cherry_7.png,verde,
IMG20250402162506_cluster_5_cherry_9.png,verde,
IMG20250402162506_cluster_7_cherry_0.png,verde,
IMG20250402162506_cluster_7_cherry_11.png,verde,
IMG20250402162506_cluster_7_cherry_12.png,verde,
IMG20250402162506_cluster_7_cherry_14.png,verde,
IMG20250402162506_cluster_7_cherry_3.png,verde,
IMG20250402162506_cluster_7_cherry_5.png,verde,
IMG20250402162506_cluster_7_cherry_6.png,verde,
IMG20250402162506_cluster_8_cherry_1.png,verde,
IMG20250402162506_cluster_8_cherry_10.png,verde,
IMG20250402162506_cluster_8_cherry_5.png,verde,
IMG20250402162506_cluster_8_cherry_7.png,verde,
IMG20250402162550_cluster_0_cherry_13.png,verde,
IMG20250402162550_cluster_0_cherry_7.png,verde,
IMG20250402162550_cluster_12_cherry_2.png,verde,
IMG20250402162550_cluster_13_cherry_4.png,verde,
IMG20250402162550_cluster_14_cherry_1.png,verde,
IMG20250402162550_cluster_15_cherry_1.png,verde,
IMG20250402162550_cluster_16_cherry_0.png,verde,
IMG20250402162550_cluster_17_cherry_2.png,verde,
IMG20250402162550_cluster_18_cherry_2.png,verde,
IMG20250402162550_cluster_1_cherry_0.png,verde,
IMG20250402162550_cluster_1_cherry_11.png,verde,
IMG20250402162550_cluster_1_cherry_2.png,verde,
IMG20250402162550_cluster_1_cherry_3.png,verde,
IMG20250402162550_cluster_1_cherry_4.png,verde,
IMG20250402162550_cluster_1_cherry_5.png,verde,
IMG20250402162550_cluster_1_cherry_6.png,verde,
IMG20250402162550_cluster_2_cherry_1.png,verde,
IMG20250402162550_cluster_2_cherry_2.png,verde,
IMG20250402162550_cluster_2_cherry_5.png,verde,
IMG20250402162550_cluster_3_cherry_2.png,verde,
IMG20250402162550_cluster_5_cherry_0.png,verde,
IMG20250402162550_cluster_5_cherry_1.png,verde,
IMG20250402162550_cluster_6_cherry_1.png,verde,
IMG20250402162550_cluster_7_cherry_2.png,verde,
IMG20250402162550_cluster_7_cherry_5.png,verde,
IMG20250402162550_cluster_7_cherry_7.png,verde,
IMG20250402162550_cluster_9_cherry_4.png,verde,
IMG20250402162550_cluster_9_cherry_5.png,verde,
IMG20250402162615_cluster_0_cherry_1.png,verde,
IMG20250402162615_cluster_0_cherry_17.png,verde,
IMG20250402162615_cluster_0_cherry_18.png,verde,
IMG20250402162615_cluster_0_cherry_19.png,verde,
IMG20250402162615_cluster_0_cherry_20.png,verde,
IMG20250402162615_cluster_0_cherry_5.png,verde,
IMG20250402162615_cluster_0_cherry_7.png,verde,
IMG20250402162615_cluster_0_cherry_9.png,verde,
IMG20250402162615_cluster_10_cherry_2.png,verde,
IMG20250402162615_cluster_10_cherry_6.png,verde,
IMG20250402162615_cluster_10_cherry_7.png,verde,
IMG20250402162615_cluster_11_cherry_3.png,verde,
IMG20250402162615_cluster_14_cherry_2.png,verde,
IMG20250402162615_cluster_15_cherry_3.png,verde,
IMG20250402162615_cluster_15_cherry_6.png,verde,
IMG20250402162615_cluster_15_cherry_8.png,verde,
IMG20250402162615_cluster_16_cherry_1.png,verde,
IMG20250402162615_cluster_16_cherry_2.png,verde,
IMG20250402162615_cluster_16_cherry_4.png,verde,
IMG20250402162615_cluster_17_cherry_1.png,verde,
IMG20250402162615_cluster_1_cherry_0.png,verde,
IMG20250402162615_cluster_1_cherry_4.png,verde,
IMG20250402162615_cluster_1_cherry_8.png,verde,
IMG20250402162615_cluster_20_cherry_11.png,verde,
IMG20250402162615_cluster_20_cherry_3.png,verde,
IMG20250402162615_cluster_20_cherry_6.png,verde,
IMG20250402162615_cluster_21_cherry_2.png,verde,
IMG20250402162615_cluster_23_cherry_2.png,verde,
IMG20250402162615_cluster_24_cherry_1.png,verde,
IMG20250402162615_cluster_24_cherry_3.png,verde,
IMG20250402162615_cluster_27_cherry_1.png,verde,
IMG20250402162615_cluster_29_cherry_0.png,verde,
IMG20250402162615_cluster_2_cherry_10.png,verde,
IMG20250402162615_cluster_2_cherry_14.png,verde,
IMG20250402162615_cluster_2_cherry_16.png,verde,
IMG20250402162615_cluster_2_cherry_19.png,verde,
IMG20250402162615_cluster_2_cherry_9.png,verde,
IMG20250402162615_cluster_30_cherry_2.png,verde,
IMG20250402162615_cluster_30_cherry_3.png,verde,
IMG20250402162615_cluster_31_cherry_3.png,verde,
IMG20250402162615_cluster_35_cherry_0.png,verde,
IMG20250402162615_cluster_3_cherry_10.png,verde,
IMG20250402162615_cluster_3_cherry_11.png,verde,
IMG20250402162615_cluster_3_cherry_15.png,verde,
IMG20250402162615_cluster_3_cherry_19.png,verde,
IMG20250402162615_cluster_3_cherry_3.png,verde,
IMG20250402162615_cluster_3_cherry_9.png,verde,
IMG20250402162615_cluster_4_cherry_0.png,verde,
IMG20250402162615_cluster_4_cherry_2.png,verde,
IMG20250402162615_cluster_4_cherry_3.png,verde,
IMG20250402162615_cluster_5_cherry_11.png,verde,
IMG20250402162615_cluster_5_cherry_12.png,verde,
IMG20250402162615_cluster_5_cherry_14.png,verde,
IMG20250402162615_cluster_5_cherry_16.png,verde,
IMG20250402162615_cluster_5_cherry_3.png,verde,
IMG20250402162615_cluster_5_cherry_6.png,verde,
IMG20250402162615_cluster_6_cherry_0.png,verde,
IMG20250402162615_cluster_6_cherry_3.png,verde,
IMG20250402162615_cluster_7_cherry_3.png,verde,
IMG20250402162615_cluster_7_cherry_4.png,verde,
IMG20250402162615_cluster_9_cherry_2.png,verde,
IMG20250402162809_cluster_0_cherry_0.png,verde,
IMG20250402162809_cluster_0_cherry_3.png,verde,
IMG20250402162809_cluster_10_cherry_2.png,verde,
IMG20250402162809_cluster_10_cherry_4.png,verde,
IMG20250402162809_cluster_10_cherry_6.png,verde,
IMG20250402162809_cluster_11_cherry_0.png,verde,
IMG20250402162809_cluster_13_cherry_2.png,verde,
IMG20250402162809_cluster_13_cherry_3.png,verde,
IMG20250402162809_cluster_14_cherry_2.png,verde,
IMG20250402162809_cluster_14_cherry_3.png,verde,
IMG20250402162809_cluster_14_cherry_4.png,verde,
IMG20250402162809_cluster_15_cherry_10.png,verde,
IMG20250402162809_cluster_15_cherry_6.png,verde,
IMG20250402162809_cluster_16_cherry_2.png,verde,
IMG20250402162809_cluster_17_cherry_0.png,verde,
IMG20250402162809_cluster_17_cherry_1.png,verde,
IMG20250402162809_cluster_17_cherry_2.png,verde,
IMG20250402162809_cluster_17_cherry_3.png,verde,
IMG20250402162809_cluster_17_cherry_7.png,verde,
IMG20250402162809_cluster_18_cherry_10.png,verde,
IMG20250402162809_cluster_18_cherry_15.png,verde,
IMG20250402162809_cluster_18_cherry_19.png,verde,
IMG20250402162809_cluster_18_cherry_2.png,verde,
IMG20250402162809_cluster_18_cherry_20.png,verde,
IMG20250402162809_cluster_18_cherry_22.png,verde,
IMG20250402162809_cluster_19_cherry_2.png,verde,
IMG20250402162809_cluster_19_cherry_6.png,verde,
IMG20250402162809_cluster_1_cherry_6.png,verde,
IMG20250402162809_cluster_22_cherry_13.png,verde,
IMG20250402162809_cluster_22_cherry_9.png,verde,
IMG20250402162809_cluster_25_cherry_0.png,verde,
IMG20250402162809_cluster_27_cherry_0.png,verde,
IMG20250402162809_cluster_27_cherry_5.png,verde,
IMG20250402162809_cluster_28_cherry_1.png,verde,
IMG20250402162809_cluster_28_cherry_10.png,verde,
IMG20250402162809_cluster_28_cherry_6.png,verde,
IMG20250402162809_cluster_28_cherry_9.png,verde,
IMG20250402162809_cluster_2_cherry_0.png,verde,
IMG20250402162809_cluster_2_cherry_10.png,verde,
IMG20250402162809_cluster_30_cherry_0.png,verde,
IMG20250402162809_cluster_4_cherry_10.png,verde,
IMG20250402162809_cluster_5_cherry_0.png,verde,
IMG20250402162809_cluster_5_cherry_11.png,verde,
IMG20250402162809_cluster_5_cherry_2.png,verde,
IMG20250402162809_cluster_5_cherry_3.png,verde,
IMG20250402162809_cluster_5_cherry_6.png,verde,
IMG20250402162809_cluster_6_cherry_1.png,verde,
IMG20250402162809_cluster_6_cherry_2.png,verde,
IMG20250402162809_cluster_6_cherry_3.png,verde,
IMG20250402162809_cluster_9_cherry_2.png,verde,
IMG20250402162809_cluster_9_cherry_3.png,verde,
IMG20250402162809_cluster_9_cherry_5.png,verde,
IMG20250402162809_cluster_9_cherry_7.png,verde,
IMG20250402163114_cluster_0_cherry_11.png,verde,
IMG20250402163114_cluster_0_cherry_13.png,verde,
IMG20250402163114_cluster_10_cherry_3.png,verde,
IMG20250402163114_cluster_10_cherry_5.png,verde,
IMG20250402163114_cluster_13_cherry_1.png,verde,
IMG20250402163114_cluster_15_cherry_12.png,verde,
IMG20250402163114_cluster_15_cherry_15.png,verde,
IMG20250402163114_cluster_15_cherry_4.png,verde,
IMG20250402163114_cluster_15_cherry_7.png,verde,
IMG20250402163114_cluster_15_cherry_9.png,verde,
IMG20250402163114_cluster_17_cherry_2.png,verde,
IMG20250402163114_cluster_17_cherry_7.png,verde,
IMG20250402163114_cluster_1_cherry_1.png,verde,
IMG20250402163114_cluster_1_cherry_13.png,verde,
IMG20250402163114_cluster_1_cherry_4.png,verde,
IMG20250402163114_cluster_1_cherry_5.png,verde,
IMG20250402163114_cluster_3_cherry_0.png,verde,
IMG20250402163114_cluster_3_cherry_12.png,verde,
IMG20250402163114_cluster_3_cherry_3.png,verde,
IMG20250402163114_cluster_3_cherry_5.png,verde,
IMG20250402163114_cluster_5_cherry_5.png,verde,
IMG20250402163114_cluster_6_cherry_15.png,verde,
IMG20250402163114_cluster_6_cherry_16.png,verde,
IMG20250402163114_cluster_6_cherry_6.png,verde,
IMG20250402163114_cluster_8_cherry_4.png,verde,
IMG20250402163114_cluster_9_cherry_1.png,verde,
IMG20250402163114_cluster_9_cherry_3.png,verde,
IMG20250402163152_cluster_0_cherry_1.png,verde,
IMG20250402163152_cluster_0_cherry_2.png,verde,
IMG20250402163152_cluster_0_cherry_7.png,verde,
IMG20250402163152_cluster_0_cherry_8.png,verde,
IMG20250402163152_cluster_10_cherry_0.png,verde,
IMG20250402163152_cluster_10_cherry_5.png,verde,
IMG20250402163152_cluster_11_cherry_13.png,verde,
IMG20250402163152_cluster_12_cherry_0.png,verde,
IMG20250402163152_cluster_12_cherry_3.png,verde,
IMG20250402163152_cluster_13_cherry_1.png,verde,
IMG20250402163152_cluster_13_cherry_11.png,verde,
IMG20250402163152_cluster_13_cherry_14.png,verde,
IMG20250402163152_cluster_13_cherry_2.png,verde,
IMG20250402163152_cluster_13_cherry_5.png,verde,
IMG20250402163152_cluster_13_cherry_6.png,verde,
IMG20250402163152_cluster_14_cherry_7.png,verde,
IMG20250402163152_cluster_16_cherry_1.png,verde,
IMG20250402163152_cluster_16_cherry_2.png,verde,
IMG20250402163152_cluster_18_cherry_2.png,verde,
IMG20250402163152_cluster_18_cherry_4.png,verde,
IMG20250402163152_cluster_18_cherry_8.png,verde,
IMG20250402163152_cluster_18_cherry_9.png,verde,
IMG20250402163152_cluster_1_cherry_7.png,verde,
IMG20250402163152_cluster_1_cherry_9.png,verde,
IMG20250402163152_cluster_20_cherry_0.png,verde,
IMG20250402163152_cluster_20_cherry_3.png,verde,
IMG20250402163152_cluster_21_cherry_0.png,verde,
IMG20250402163152_cluster_22_cherry_4.png,verde,
IMG20250402163152_cluster_22_cherry_6.png,verde,
IMG20250402163152_cluster_22_cherry_8.png,verde,
IMG20250402163152_cluster_24_cherry_1.png,verde,
IMG20250402163152_cluster_24_cherry_10.png,verde,
IMG20250402163152_cluster_24_cherry_2.png,verde,
IMG20250402163152_cluster_24_cherry_3.png,verde,
IMG20250402163152_cluster_25_cherry_1.png,verde,
IMG20250402163152_cluster_25_cherry_10.png,verde,
IMG20250402163152_cluster_25_cherry_15.png,verde,
IMG20250402163152_cluster_25_cherry_2.png,verde,
IMG20250402163152_cluster_25_cherry_22.png,verde,
IMG20250402163152_cluster_25_cherry_4.png,verde,
IMG20250402163152_cluster_25_cherry_5.png,verde,
IMG20250402163152_cluster_25_cherry_9.png,verde,
IMG20250402163152_cluster_27_cherry_3.png,verde,
IMG20250402163152_cluster_27_cherry_4.png,verde,
IMG20250402163152_cluster_29_cherry_2.png,verde,
IMG20250402163152_cluster_2_cherry_5.png,verde,
IMG20250402163152_cluster_2_cherry_6.png,verde,
IMG20250402163152_cluster_30_cherry_2.png,verde,
IMG20250402163152_cluster_31_cherry_0.png,verde,
IMG20250402163152_cluster_31_cherry_10.png,verde,
IMG20250402163152_cluster_31_cherry_11.png,verde,
IMG20250402163152_cluster_31_cherry_12.png,verde,
IMG20250402163152_cluster_31_cherry_4.png,verde,
IMG20250402163152_cluster_32_cherry_3.png,verde,
IMG20250402163152_cluster_32_cherry_6.png,verde,
IMG20250402163152_cluster_34_cherry_3.png,verde,
IMG20250402163152_cluster_34_cherry_5.png,verde,
IMG20250402163152_cluster_34_cherry_6.png,verde,
IMG20250402163152_cluster_34_cherry_7.png,verde,
IMG20250402163152_cluster_35_cherry_1.png,verde,
IMG20250402163152_cluster_37_cherry_0.png,verde,
IMG20250402163152_cluster_39_cherry_2.png,verde,
IMG20250402163152_cluster_39_cherry_5.png,verde,
IMG20250402163152_cluster_3_cherry_0.png,verde,
IMG20250402163152_cluster_3_cherry_4.png,verde,
IMG20250402163152_cluster_3_cherry_6.png,verde,
IMG20250402163152_cluster_3_cherry_7.png,verde,
IMG20250402163152_cluster_40_cherry_0.png,verde,
IMG20250402163152_cluster_40_cherry_18.png,verde,
IMG20250402163152_cluster_40_cherry_19.png,verde,
IMG20250402163152_cluster_40_cherry_8.png,verde,
IMG20250402163152_cluster_40_cherry_9.png,verde,
IMG20250402163152_cluster_41_cherry_1.png,verde,
IMG20250402163152_cluster_42_cherry_2.png,verde,
IMG20250402163152_cluster_43_cherry_6.png,verde,
IMG20250402163152_cluster_44_cherry_5.png,verde,
IMG20250402163152_cluster_44_cherry_7.png,verde,
IMG20250402163152_cluster_46_cherry_1.png,verde,
IMG20250402163152_cluster_46_cherry_11.png,verde,
IMG20250402163152_cluster_46_cherry_13.png,verde,
IMG20250402163152_cluster_46_cherry_19.png,verde,
IMG20250402163152_cluster_46_cherry_20.png,verde,
IMG20250402163152_cluster_46_cherry_21.png,verde,
IMG20250402163152_cluster_46_cherry_8.png,verde,
IMG20250402163152_cluster_46_cherry_9.png,verde,
IMG20250402163152_cluster_47_cherry_0.png,verde,
IMG20250402163152_cluster_47_cherry_2.png,verde,
IMG20250402163152_cluster_47_cherry_6.png,verde,
IMG20250402163152_cluster_47_cherry_8.png,verde,
IMG20250402163152_cluster_48_cherry_2.png,verde,
IMG20250402163152_cluster_49_cherry_2.png,verde,
IMG20250402163152_cluster_4_cherry_2.png,verde,
IMG20250402163152_cluster_4_cherry_8.png,verde,
IMG20250402163152_cluster_51_cherry_0.png,verde,
IMG20250402163152_cluster_53_cherry_1.png,verde,
IMG20250402163152_cluster_53_cherry_2.png,verde,
IMG20250402163152_cluster_53_cherry_3.png,verde,
IMG20250402163152_cluster_53_cherry_4.png,verde,
IMG20250402163152_cluster_54_cherry_3.png,verde,
IMG20250402163152_cluster_55_cherry_1.png,verde,
IMG20250402163152_cluster_55_cherry_4.png,verde,
IMG20250402163152_cluster_55_cherry_6.png,verde,
IMG20250402163152_cluster_55_cherry_8.png,verde,
IMG20250402163152_cluster_57_cherry_12.png,verde,
IMG20250402163152_cluster_57_cherry_18.png,verde,
IMG20250402163152_cluster_5_cherry_3.png,verde,
IMG20250402163152_cluster_64_cherry_1.png,verde,
IMG20250402163152_cluster_64_cherry_4.png,verde,
IMG20250402163152_cluster_65_cherry_0.png,verde,
IMG20250402163152_cluster_66_cherry_0.png,verde,
IMG20250402163152_cluster_66_cherry_2.png,verde,
IMG20250402163152_cluster_66_cherry_3.png,verde,
IMG20250402163152_cluster_68_cherry_1.png,verde,
IMG20250402163152_cluster_68_cherry_2.png,verde,
IMG20250402163152_cluster_68_cherry_4.png,verde,
IMG20250402163152_cluster_68_cherry_7.png,verde,
IMG20250402163152_cluster_6_cherry_10.png,verde,
IMG20250402163152_cluster_6_cherry_3.png,verde,
IMG20250402163152_cluster_6_cherry_8.png,verde,
IMG20250402163152_cluster_8_cherry_1.png,verde,
IMG20250402163152_cluster_8_cherry_5.png,verde,
IMG20250402163312_cluster_0_cherry_2.png,verde,
IMG20250402163312_cluster_0_cherry_25.png,verde,
IMG20250402163312_cluster_0_cherry_33.png,verde,
IMG20250402163312_cluster_10_cherry_1.png,verde,
IMG20250402163312_cluster_10_cherry_11.png,verde,
IMG20250402163312_cluster_10_cherry_2.png,verde,
IMG20250402163312_cluster_10_cherry_5.png,verde,
IMG20250402163312_cluster_11_cherry_11.png,verde,
IMG20250402163312_cluster_11_cherry_13.png,verde,
IMG20250402163312_cluster_11_cherry_14.png,verde,
IMG20250402163312_cluster_11_cherry_2.png,verde,
IMG20250402163312_cluster_11_cherry_3.png,verde,
IMG20250402163312_cluster_11_cherry_9.png,verde,
IMG20250402163312_cluster_12_cherry_2.png,verde,
IMG20250402163312_cluster_1_cherry_3.png,verde,
IMG20250402163312_cluster_20_cherry_0.png,verde,
IMG20250402163312_cluster_22_cherry_4.png,verde,
IMG20250402163312_cluster_22_cherry_7.png,verde,
IMG20250402163312_cluster_2_cherry_10.png,verde,
IMG20250402163312_cluster_2_cherry_8.png,verde,
IMG20250402163312_cluster_3_cherry_12.png,verde,
IMG20250402163312_cluster_3_cherry_14.png,verde,
IMG20250402163312_cluster_3_cherry_17.png,verde,
IMG20250402163312_cluster_3_cherry_2.png,verde,
IMG20250402163312_cluster_3_cherry_9.png,verde,
IMG20250402163312_cluster_6_cherry_10.png,verde,
IMG20250402163312_cluster_7_cherry_1.png,verde,
IMG20250402163312_cluster_7_cherry_10.png,verde,
IMG20250402163312_cluster_7_cherry_2.png,verde,
IMG20250402163312_cluster_7_cherry_4.png,verde,
IMG20250402163312_cluster_7_cherry_5.png,verde,
IMG20250402163312_cluster_8_cherry_2.png,verde,
IMG20250402163312_cluster_8_cherry_3.png,verde,
IMG20250402163312_cluster_8_cherry_8.png,verde,
IMG20250402163312_cluster_9_cherry_5.png,verde,
IMG20250402163312_cluster_9_cherry_7.png,verde,
IMG20250402163433_cluster_0_cherry_3.png,verde,
IMG20250402163433_cluster_0_cherry_6.png,verde,
IMG20250402163433_cluster_0_cherry_8.png,verde,
IMG20250402163433_cluster_1_cherry_10.png,verde,
IMG20250402163433_cluster_1_cherry_7.png,verde,
IMG20250402163433_cluster_1_cherry_9.png,verde,
IMG20250402163433_cluster_2_cherry_2.png,verde,
IMG20250402163433_cluster_3_cherry_0.png,verde,
IMG20250402163433_cluster_3_cherry_2.png,verde,
IMG20250402163535_cluster_0_cherry_3.png,verde,
IMG20250402163535_cluster_0_cherry_5.png,verde,
IMG20250402163535_cluster_1_cherry_0.png,verde,
IMG20250402163535_cluster_2_cherry_2.png,verde,
IMG20250402163535_cluster_2_cherry_3.png,verde,
IMG20250402163535_cluster_2_cherry_4.png,verde,
IMG20250402163535_cluster_2_cherry_7.png,verde,
IMG20250402163535_cluster_4_cherry_5.png,verde,
IMG20250402163646_cluster_0_cherry_5.png,verde,
IMG20250402163646_cluster_10_cherry_0.png,verde,
IMG20250402163646_cluster_10_cherry_7.png,verde,
IMG20250402163646_cluster_11_cherry_0.png,verde,
IMG20250402163646_cluster_11_cherry_3.png,verde,
IMG20250402163646_cluster_13_cherry_1.png,verde,
IMG20250402163646_cluster_13_cherry_2.png,verde,
IMG20250402163646_cluster_13_cherry_3.png,verde,
IMG20250402163646_cluster_15_cherry_0.png,verde,
IMG20250402163646_cluster_15_cherry_1.png,verde,
IMG20250402163646_cluster_15_cherry_4.png,verde,
IMG20250402163646_cluster_16_cherry_1.png,verde,
IMG20250402163646_cluster_16_cherry_6.png,verde,
IMG20250402163646_cluster_16_cherry_8.png,verde,
IMG20250402163646_cluster_19_cherry_2.png,verde,
IMG20250402163646_cluster_1_cherry_4.png,verde,
IMG20250402163646_cluster_21_cherry_0.png,verde,
IMG20250402163646_cluster_21_cherry_2.png,verde,
IMG20250402163646_cluster_21_cherry_3.png,verde,
IMG20250402163646_cluster_24_cherry_1.png,verde,
IMG20250402163646_cluster_27_cherry_0.png,verde,
IMG20250402163646_cluster_2_cherry_0.png,verde,
IMG20250402163646_cluster_2_cherry_4.png,verde,
IMG20250402163646_cluster_30_cherry_2.png,verde,
IMG20250402163646_cluster_34_cherry_1.png,verde,
IMG20250402163646_cluster_39_cherry_4.png,verde,
IMG20250402163646_cluster_3_cherry_10.png,verde,
IMG20250402163646_cluster_3_cherry_11.png,verde,
IMG20250402163646_cluster_3_cherry_15.png,verde,
IMG20250402163646_cluster_5_cherry_2.png,verde,
IMG20250402163646_cluster_5_cherry_3.png,verde,
IMG20250402163646_cluster_6_cherry_1.png,verde,
IMG20250402163646_cluster_6_cherry_11.png,verde,
IMG20250402163646_cluster_6_cherry_3.png,verde,
IMG20250402163646_cluster_7_cherry_2.png,verde,
IMG20250402163646_cluster_7_cherry_4.png,verde,
IMG20250402163646_cluster_7_cherry_5.png,verde,
IMG20250402163646_cluster_7_cherry_8.png,verde,
IMG20250402163646_cluster_8_cherry_1.png,verde,
IMG20250402163646_cluster_9_cherry_11.png,verde,
IMG20250402163646_cluster_9_cherry_3.png,verde,
IMG20250402163646_cluster_9_cherry_4.png,verde,
IMG20250402163646_cluster_9_cherry_5.png,verde,
IMG20250402163646_cluster_9_cherry_7.png,verde,
IMG20250402163714_cluster_10_cherry_1.png,verde,
IMG20250402163714_cluster_10_cherry_2.png,verde,
IMG20250402163714_cluster_10_cherry_3.png,verde,
IMG20250402163714_cluster_11_cherry_0.png,verde,
IMG20250402163714_cluster_11_cherry_11.png,verde,
IMG20250402163714_cluster_11_cherry_13.png,verde,
IMG20250402163714_cluster_11_cherry_7.png,verde,
IMG20250402163714_cluster_13_cherry_4.png,verde,
IMG20250402163714_cluster_13_cherry_6.png,verde,
IMG20250402163714_cluster_13_cherry_7.png,verde,
IMG20250402163714_cluster_13_cherry_9.png,verde,
IMG20250402163714_cluster_15_cherry_0.png,verde,
IMG20250402163714_cluster_15_cherry_1.png,verde,
IMG20250402163714_cluster_15_cherry_2.png,verde,
IMG20250402163714_cluster_1_cherry_10.png,verde,
IMG20250402163714_cluster_1_cherry_8.png,verde,
IMG20250402163714_cluster_1_cherry_9.png,verde,
IMG20250402163714_cluster_2_cherry_11.png,verde,
IMG20250402163714_cluster_2_cherry_5.png,verde,
IMG20250402163714_cluster_2_cherry_9.png,verde,
IMG20250402163714_cluster_3_cherry_2.png,verde,
IMG20250402163714_cluster_4_cherry_2.png,verde,
IMG20250402163714_cluster_5_cherry_0.png,verde,
IMG20250402163714_cluster_6_cherry_3.png,verde,
IMG20250402163714_cluster_6_cherry_5.png,verde,
IMG20250402163714_cluster_6_cherry_6.png,verde,
IMG20250402163714_cluster_9_cherry_0.png,verde,
IMG20250402163747_cluster_0_cherry_0.png,verde,
IMG20250402163747_cluster_1_cherry_1.png,verde,
IMG20250402163747_cluster_1_cherry_2.png,verde,
IMG20250402163747_cluster_1_cherry_6.png,verde,
IMG20250402163747_cluster_2_cherry_0.png,verde,
IMG20250402163747_cluster_3_cherry_5.png,verde,
IMG20250402163747_cluster_4_cherry_12.png,verde,
IMG20250402163747_cluster_4_cherry_18.png,verde,
IMG20250402163747_cluster_4_cherry_19.png,verde,
IMG20250402163747_cluster_4_cherry_22.png,verde,
IMG20250402163747_cluster_4_cherry_6.png,verde,
IMG20250402163747_cluster_4_cherry_7.png,verde,
IMG20250402163747_cluster_4_cherry_8.png,verde,
IMG20250402163747_cluster_6_cherry_3.png,verde,
IMG20250402163747_cluster_8_cherry_2.png,verde,
IMG20250402163829_cluster_0_cherry_4.png,verde,
IMG20250402163829_cluster_10_cherry_2.png,verde,
IMG20250402163829_cluster_11_cherry_0.png,verde,
IMG20250402163829_cluster_11_cherry_2.png,verde,
IMG20250402163829_cluster_12_cherry_11.png,verde,
IMG20250402163829_cluster_12_cherry_13.png,verde,
IMG20250402163829_cluster_12_cherry_16.png,verde,
IMG20250402163829_cluster_12_cherry_6.png,verde,
IMG20250402163829_cluster_14_cherry_2.png,verde,
IMG20250402163829_cluster_14_cherry_3.png,verde,
IMG20250402163829_cluster_14_cherry_5.png,verde,
IMG20250402163829_cluster_14_cherry_8.png,verde,
IMG20250402163829_cluster_16_cherry_2.png,verde,
IMG20250402163829_cluster_17_cherry_18.png,verde,
IMG20250402163829_cluster_17_cherry_3.png,verde,
IMG20250402163829_cluster_17_cherry_5.png,verde,
IMG20250402163829_cluster_17_cherry_9.png,verde,
IMG20250402163829_cluster_18_cherry_1.png,verde,
IMG20250402163829_cluster_19_cherry_4.png,verde,
IMG20250402163829_cluster_23_cherry_1.png,verde,
IMG20250402163829_cluster_25_cherry_2.png,verde,
IMG20250402163829_cluster_25_cherry_3.png,verde,
IMG20250402163829_cluster_2_cherry_1.png,verde,
IMG20250402163829_cluster_2_cherry_2.png,verde,
IMG20250402163829_cluster_32_cherry_0.png,verde,
IMG20250402163829_cluster_32_cherry_3.png,verde,
IMG20250402163829_cluster_35_cherry_6.png,verde,
IMG20250402163829_cluster_35_cherry_8.png,verde,
IMG20250402163829_cluster_4_cherry_16.png,verde,
IMG20250402163829_cluster_4_cherry_19.png,verde,
IMG20250402163829_cluster_4_cherry_24.png,verde,
IMG20250402163829_cluster_4_cherry_4.png,verde,
IMG20250402163829_cluster_4_cherry_9.png,verde,
IMG20250402163829_cluster_5_cherry_13.png,verde,
IMG20250402163829_cluster_5_cherry_22.png,verde,
IMG20250402163829_cluster_5_cherry_9.png,verde,
IMG20250402163829_cluster_7_cherry_0.png,verde,
IMG20250402163829_cluster_7_cherry_3.png,verde,
IMG20250402163829_cluster_8_cherry_5.png,verde,
IMG20250402163829_cluster_8_cherry_6.png,verde,
IMG20250402163829_cluster_9_cherry_3.png,verde,
IMG20250402163829_cluster_9_cherry_8.png,verde,
IMG20250402163930_cluster_0_cherry_10.png,verde,
IMG20250402163930_cluster_0_cherry_13.png,verde,
IMG20250402163930_cluster_0_cherry_15.png,verde,
IMG20250402163930_cluster_0_cherry_16.png,verde,
IMG20250402163930_cluster_2_cherry_2.png,verde,
IMG20250402163930_cluster_2_cherry_5.png,verde,
IMG20250402163930_cluster_2_cherry_6.png,verde,
IMG20250402163930_cluster_2_cherry_7.png,verde,
IMG20250402163930_cluster_3_cherry_9.png,verde,
IMG20250402163930_cluster_5_cherry_5.png,verde,
IMG20250402164225_cluster_0_cherry_1.png,verde,
IMG20250402164225_cluster_0_cherry_10.png,verde,
IMG20250402164225_cluster_0_cherry_4.png,verde,
IMG20250402164225_cluster_0_cherry_6.png,verde,
IMG20250402164225_cluster_10_cherry_0.png,verde,
IMG20250402164225_cluster_10_cherry_10.png,verde,
IMG20250402164225_cluster_10_cherry_11.png,verde,
IMG20250402164225_cluster_10_cherry_2.png,verde,
IMG20250402164225_cluster_10_cherry_5.png,verde,
IMG20250402164225_cluster_11_cherry_10.png,verde,
IMG20250402164225_cluster_11_cherry_11.png,verde,
IMG20250402164225_cluster_11_cherry_5.png,verde,
IMG20250402164225_cluster_11_cherry_8.png,verde,
IMG20250402164225_cluster_11_cherry_9.png,verde,
IMG20250402164225_cluster_12_cherry_4.png,verde,
IMG20250402164225_cluster_12_cherry_5.png,verde,
IMG20250402164225_cluster_13_cherry_11.png,verde,
IMG20250402164225_cluster_13_cherry_16.png,verde,
IMG20250402164225_cluster_13_cherry_4.png,verde,
IMG20250402164225_cluster_13_cherry_7.png,verde,
IMG20250402164225_cluster_13_cherry_9.png,verde,
IMG20250402164225_cluster_14_cherry_12.png,verde,
IMG20250402164225_cluster_14_cherry_5.png,verde,
IMG20250402164225_cluster_14_cherry_6.png,verde,
IMG20250402164225_cluster_14_cherry_8.png,verde,
IMG20250402164225_cluster_15_cherry_1.png,verde,
IMG20250402164225_cluster_15_cherry_6.png,verde,
IMG20250402164225_cluster_15_cherry_8.png,verde,
IMG20250402164225_cluster_16_cherry_6.png,verde,
IMG20250402164225_cluster_17_cherry_3.png,verde,
IMG20250402164225_cluster_18_cherry_15.png,verde,
IMG20250402164225_cluster_18_cherry_3.png,verde,
IMG20250402164225_cluster_18_cherry_7.png,verde,
IMG20250402164225_cluster_19_cherry_6.png,verde,
IMG20250402164225_cluster_1_cherry_1.png,verde,
IMG20250402164225_cluster_1_cherry_2.png,verde,
IMG20250402164225_cluster_20_cherry_15.png,verde,
IMG20250402164225_cluster_20_cherry_9.png,verde,
IMG20250402164225_cluster_21_cherry_1.png,verde,
IMG20250402164225_cluster_22_cherry_1.png,verde,
IMG20250402164225_cluster_22_cherry_3.png,verde,
IMG20250402164225_cluster_22_cherry_4.png,verde,
IMG20250402164225_cluster_23_cherry_1.png,verde,
IMG20250402164225_cluster_24_cherry_0.png,verde,
IMG20250402164225_cluster_24_cherry_3.png,verde,
IMG20250402164225_cluster_24_cherry_5.png,verde,
IMG20250402164225_cluster_25_cherry_6.png,verde,
IMG20250402164225_cluster_26_cherry_6.png,verde,
IMG20250402164225_cluster_26_cherry_7.png,verde,
IMG20250402164225_cluster_27_cherry_4.png,verde,
IMG20250402164225_cluster_28_cherry_6.png,verde,
IMG20250402164225_cluster_28_cherry_7.png,verde,
IMG20250402164225_cluster_29_cherry_1.png,verde,
IMG20250402164225_cluster_29_cherry_2.png,verde,
IMG20250402164225_cluster_2_cherry_3.png,verde,
IMG20250402164225_cluster_2_cherry_5.png,verde,
IMG20250402164225_cluster_2_cherry_6.png,verde,
IMG20250402164225_cluster_2_cherry_8.png,verde,
IMG20250402164225_cluster_30_cherry_10.png,verde,
IMG20250402164225_cluster_30_cherry_18.png,verde,
IMG20250402164225_cluster_30_cherry_3.png,verde,
IMG20250402164225_cluster_30_cherry_4.png,verde,
IMG20250402164225_cluster_30_cherry_8.png,verde,
IMG20250402164225_cluster_30_cherry_9.png,verde,
IMG20250402164225_cluster_32_cherry_4.png,verde,
IMG20250402164225_cluster_33_cherry_2.png,verde,
IMG20250402164225_cluster_33_cherry_4.png,verde,
IMG20250402164225_cluster_33_cherry_5.png,verde,
IMG20250402164225_cluster_33_cherry_8.png,verde,
IMG20250402164225_cluster_33_cherry_9.png,verde,
IMG20250402164225_cluster_36_cherry_11.png,verde,
IMG20250402164225_cluster_36_cherry_12.png,verde,
IMG20250402164225_cluster_36_cherry_16.png,verde,
IMG20250402164225_cluster_36_cherry_17.png,verde,
IMG20250402164225_cluster_39_cherry_4.png,verde,
IMG20250402164225_cluster_39_cherry_6.png,verde,
IMG20250402164225_cluster_39_cherry_8.png,verde,
IMG20250402164225_cluster_3_cherry_2.png,verde,
IMG20250402164225_cluster_3_cherry_3.png,verde,
IMG20250402164225_cluster_45_cherry_10.png,verde,
IMG20250402164225_cluster_45_cherry_11.png,verde,
IMG20250402164225_cluster_45_cherry_7.png,verde,
IMG20250402164225_cluster_46_cherry_0.png,verde,
IMG20250402164225_cluster_46_cherry_2.png,verde,
IMG20250402164225_cluster_46_cherry_4.png,verde,
IMG20250402164225_cluster_46_cherry_6.png,verde,
IMG20250402164225_cluster_48_cherry_0.png,verde,
IMG20250402164225_cluster_4_cherry_2.png,verde,
IMG20250402164225_cluster_4_cherry_3.png,verde,
IMG20250402164225_cluster_4_cherry_4.png,verde,
IMG20250402164225_cluster_5_cherry_1.png,verde,
IMG20250402164225_cluster_5_cherry_4.png,verde,
IMG20250402164225_cluster_5_cherry_8.png,verde,
IMG20250402164225_cluster_5_cherry_9.png,verde,
IMG20250402164225_cluster_6_cherry_0.png,verde,
IMG20250402164225_cluster_7_cherry_2.png,verde,
IMG20250402164225_cluster_8_cherry_4.png,verde,
IMG20250402164225_cluster_9_cherry_4.png,verde,
